Workbook

Sheet 电子书清单
A1: 序号 | B1: 书名 | C1: 副标题/版次 | D1: 类型 | E1: 出版年 | F1: 作者/编者(检索页显示) | G1: 所属丛书 | H1: DOI / ISBN | I1: 链接 | J1: 主题分类 | K1: 与骨科康复相关度
A2: 1 | B2: Orthopedic Rehabilitation | C2: Principles and Practice | D2: 教科书 | E2: 2023 | H2: 10.1007/978-3-031-32026-2 | I2: https://link.springer.com/book/10.1007/978-3-031-32026-2 | J2: 骨科康复总论 | K2: 高
A3: 2 | B3: Rehabilitation for Nerve Transfers of the Upper Extremity | C3: A Clinical Manual | D3: 图书 | E3: 2025 | H3: 10.1007/978-3-031-92008-0 | I3: https://link.springer.com/book/10.1007/978-3-031-92008-0 | J3: 手/上肢 | K3: 高
A4: 3 | B4: Anterior Cruciate Ligament Injuries Throughout the Life Span | D4: 图书 | E4: 2025 | H4: 10.1007/978-3-031-84501-7 | I4: https://link.springer.com/book/10.1007/978-3-031-84501-7 | J4: 膝/ACL | K4: 中
A5: 4 | B5: Video Atlas of Neuromusculoskeletal Ultrasound | D5: 图书 | E5: 2025 | H5: 10.1007/978-3-031-81037-4 | I5: https://link.springer.com/book/10.1007/978-3-031-81037-4 | J5: 影像/超声 | K5: 低
A6: 5 | B6: Telerehabilitation | D6: 图书 | E6: 2024 | G6: TELe-Health | H6: 10.1007/978-3-031-69080-8 | I6: https://link.springer.com/book/10.1007/978-3-031-69080-8 | J6: 康复技术/远程康复 | K6: 中
A7: 6 | B7: Textbook of Musculoskeletal Disorders | D7: 教科书 | E7: 2023 | H7: 10.1007/978-3-031-20987-1 | I7: https://link.springer.com/book/10.1007/978-3-031-20987-1 | J7: 骨科康复总论 | K7: 中
A8: 7 | B8: Handbook of Esports Medicine | C8: Clinical Aspects of Competitive Video Gaming (2nd ed.) | D8: 图书 | E8: 2026 | H8: ISBN 9783032369543 | I8: https://link.springer.com/book/9783032369543 | J8: 运动医学 | K8: 低
A9: 8 | B9: Knee Arthroscopy and Knee Preservation Surgery | D9: 参考工具书 | E9: 2024 | H9: 10.1007/978-3-031-29430-3 | I9: https://link.springer.com/book/10.1007/978-3-031-29430-3 | J9: 膝/ACL | K9: 中
A10: 9 | B10: Management and Rehabilitation of Spinal Cord Injuries | C10: (2nd ed.) | D10: 图书 | E10: 2022 | F10: Hyun-Yoon Ko | H10: 10.1007/978-981-19-0228-4 | I10: https://link.springer.com/book/10.1007/978-981-19-0228-4 | J10: 脊柱/脊髓 | K10: 高
A11: 10 | B11: Multidisciplinary Spine Tumor Management | C11: A Modern Approach | D11: 图书 | E11: 2025 | H11: 10.1007/978-3-032-07519-2 | I11: https://link.springer.com/book/10.1007/978-3-032-07519-2 | J11: 脊柱/脊髓 | K11: 低
A12: 11 | B12: Medical Robot Technology | D12: 图书 | E12: 2024 | F12: Jingang Jiang, Dianhao Wu, ... Xuesong Dai | G12: Advanced and Intelligent Manufacturing in China | H12: 10.1007/978-981-97-1484-1 | I12: https://link.springer.com/book/10.1007/978-981-97-1484-1 | J12: 康复技术/远程康复 | K12: 低
A13: 12 | B13: Advances in Total Hip Arthroplasty | D13: 图书 | E13: 2024 | H13: 10.1007/978-981-97-2461-1 | I13: https://link.springer.com/book/10.1007/978-981-97-2461-1 | J13: 关节置换 | K13: 中
A14: 13 | B14: One-Stage Septic Revision Arthroplasty | C14: Principles and Management | D14: 图书 | E14: 2024 | H14: 10.1007/978-3-031-59160-0 | I14: https://link.springer.com/book/10.1007/978-3-031-59160-0 | J14: 关节置换 | K14: 低
A15: 14 | B15: Contemporary and Global Perspectives in Physical Therapy | D15: 教科书 | E15: 2026 | H15: 10.1007/978-3-031-86558-9 | I15: https://link.springer.com/book/10.1007/978-3-031-86558-9 | J15: 骨科康复总论 | K15: 中
A16: 15 | B16: Critical Rehabilitation for Partial and Total Knee Arthroplasty | C16: Guidelines and Objective Testing to Allow Return to Physical Function, Recreational and Sports Activities | D16: 图书 | E16: 2022 | H16: 10.1007/978-3-030-87003-4 | I16: https://link.springer.com/book/10.1007/978-3-030-87003-4 | J16: 关节置换 | K16: 高
A17: 16 | B17: Low Back Ache | C17: A comprehensive guide to management | D17: 参考工具书 | E17: 2027 | H17: ISBN 9789819738762 | I17: https://link.springer.com/book/9789819738762 | J17: 脊柱/腰痛 | K17: 中
A18: 17 | B18: Arthroscopy and Endoscopy of the Shoulder | C18: Principle and Practice | D18: 图书 | E18: 2023 | H18: 10.1007/978-981-19-7884-5 | I18: https://link.springer.com/book/10.1007/978-981-19-7884-5 | J18: 肩/肘 | K18: 低
A19: 18 | B19: Endoscopy of the Spine | C19: Principle and Practice | D19: 图书 | E19: 2023 | H19: 10.1007/978-981-19-7761-9 | I19: https://link.springer.com/book/10.1007/978-981-19-7761-9 | J19: 脊柱/腰痛 | K19: 低
A20: 19 | B20: Low Back Ache | C20: A comprehensive guide to management | D20: 在线持续更新参考书 | E20: 2026 | H20: 10.1007/978-981-97-4087-1 | I20: https://link.springer.com/book/10.1007/978-981-97-4087-1 | J20: 脊柱/腰痛 | K20: 中
A21: 20 | B21: The Achilles Tendon | C21: Pathology, Treatment and Rehabilitation | D21: 图书 | E21: 2023 | H21: 10.1007/978-3-031-45594-0 | I21: https://link.springer.com/book/10.1007/978-3-031-45594-0 | J21: 足/踝 | K21: 高
A22: 21 | B22: Low Back Pain and Sciatica | C22: A New Pathogenetic Model and Treatment Principles | D22: 图书 | E22: 2025 | F22: Luigi Tesio | H22: 10.1007/978-3-031-78534-4 | I22: https://link.springer.com/book/10.1007/978-3-031-78534-4 | J22: 脊柱/腰痛 | K22: 中
A23: 22 | B23: Percutaneous and Minimally Invasive Foot Surgery | D23: 图书 | E23: 2023 | H23: 10.1007/978-3-030-98791-6 | I23: https://link.springer.com/book/10.1007/978-3-030-98791-6 | J23: 足/踝 | K23: 低
A24: 23 | B24: Textbook of Veterinary Orthopaedic Surgery | D24: 教科书 | E24: 2023 | F24: Hari Prasad Aithal, Amar Pal, ... Abhijit M Pawde | H24: 10.1007/978-981-99-2575-9 | I24: https://link.springer.com/book/10.1007/978-981-99-2575-9 | J24: 其他 | K24: 低
A25: 24 | B25: Rehabilitation After Limb Salvage Surgery | D25: 图书 | E25: 2021 | H25: 10.1007/978-3-030-66352-0 | I25: https://link.springer.com/book/10.1007/978-3-030-66352-0 | J25: 骨肿瘤/截肢 | K25: 高
A26: 25 | B26: Ligamentous Injuries of the Foot and Ankle | C26: Diagnosis, Management and Rehabilitation | D26: 图书 | E26: 2022 | H26: 10.1007/978-3-031-08682-3 | I26: https://link.springer.com/book/10.1007/978-3-031-08682-3 | J26: 足/踝 | K26: 高
A27: 26 | B27: Orthopedics for Physician Assistant and Nurse Practitioner Students | C27: An Introductory Guide | D27: 教科书 | E27: 2022 | F27: John A. Gracy | H27: 10.1007/978-3-031-04406-9 | I27: https://link.springer.com/book/10.1007/978-3-031-04406-9 | J27: 骨科康复总论 | K27: 低
A28: 27 | B28: Pediatric and Adult Hand Fractures | C28: A Clinical Guide to Management | D28: 图书 | E28: 2023 | H28: 10.1007/978-3-031-32072-9 | I28: https://link.springer.com/book/10.1007/978-3-031-32072-9 | J28: 手/上肢 | K28: 中
A29: 28 | B29: Knee Arthroscopy and Knee Preservation Surgery | D29: 在线持续更新参考书 | E29: 2023 | H29: 10.1007/978-3-030-82869-1 | I29: https://link.springer.com/book/10.1007/978-3-030-82869-1 | J29: 膝/ACL | K29: 中
A30: 29 | B30: Spondylolisthesis | C30: Diagnosis, Non-Surgical Management, and Surgical Techniques (2nd ed.) | D30: 图书 | E30: 2023 | H30: 10.1007/978-3-031-27253-0 | I30: https://link.springer.com/book/10.1007/978-3-031-27253-0 | J30: 脊柱/腰痛 | K30: 中
A31: 30 | B31: Atlas of Finger Reconstruction | C31: Techniques and Cases | D31: 图书 | E31: 2023 | F31: Jian Lin, Jianli Wang, ... Tianhao Zhang | H31: 10.1007/978-981-19-9612-2 | I31: https://link.springer.com/book/10.1007/978-981-19-9612-2 | J31: 手/上肢 | K31: 低
A32: 31 | B32: Neurosurgery for Spasticity | C32: A Practical Guide for Treating Children and Adults (2nd ed.) | D32: 图书 | E32: 2022 | F32: Marc Sindou, Manon Duraffourg, George Georgoulis | H32: 10.1007/978-3-030-92717-2 | I32: https://link.springer.com/book/10.1007/978-3-030-92717-2 | J32: 神经/痉挛 | K32: 低
A33: 32 | B33: Fundamentals of the Shoulder | D33: 图书 | E33: 2022 | H33: 10.1007/978-3-030-94702-6 | I33: https://link.springer.com/book/10.1007/978-3-030-94702-6 | J33: 肩/肘 | K33: 中
A34: 33 | B34: Rarer Arthropathies | D34: 图书 | E34: 2022 | G34: Rare Diseases of the Immune System | H34: 10.1007/978-3-031-05002-2 | I34: https://link.springer.com/book/10.1007/978-3-031-05002-2 | J34: 风湿/血友病 | K34: 低
A35: 34 | B35: Advances in Hemophilia Treatment | C35: From Genetics to Joint Health | D35: 图书 | E35: 2022 | H35: 10.1007/978-3-030-93990-8 | I35: https://link.springer.com/book/10.1007/978-3-030-93990-8 | J35: 风湿/血友病 | K35: 低
A36: 35 | B36: Orthopedic Care of Patients with Cerebral Palsy | C36: A Clinical Guide to Evaluation and Management across the Lifespan | D36: 图书 | E36: 2020 | H36: 10.1007/978-3-030-46574-2 | I36: https://link.springer.com/book/10.1007/978-3-030-46574-2 | J36: 儿科 | K36: 中
A37: 36 | B37: Endoscopy of the Hip and Knee | C37: Principle and Practice | D37: 图书 | E37: 2021 | H37: 10.1007/978-981-16-3488-8 | I37: https://link.springer.com/book/10.1007/978-981-16-3488-8 | J37: 髋 | K37: 低
A38: 37 | B38: Geriatric Hip Fractures | C38: A Practical Approach | D38: 图书 | E38: 2021 | H38: 10.1007/978-3-030-78969-5 | I38: https://link.springer.com/book/10.1007/978-3-030-78969-5 | J38: 创伤/骨折 | K38: 中
A39: 38 | B39: The Failed Rotator Cuff | C39: Diagnosis and Management | D39: 图书 | E39: 2021 | H39: 10.1007/978-3-030-79481-1 | I39: https://link.springer.com/book/10.1007/978-3-030-79481-1 | J39: 肩/肘 | K39: 中
A40: 39 | B40: Return-to-Play after Lower Limb Muscle Injury in Football | C40: The Italian Consensus Conference Guidelines | D40: 图书 | E40: 2022 | F40: Gian Nicola Bisciotti, Alessandro Corsini, Piero Volpi | H40: 10.1007/978-3-030-84950-4 | I40: https://link.springer.com/book/10.1007/978-3-030-84950-4 | J40: 运动医学 | K40: 高
A41: 40 | B41: Bionic Limb Reconstruction | D41: 图书 | E41: 2021 | H41: 10.1007/978-3-030-60746-3 | I41: https://link.springer.com/book/10.1007/978-3-030-60746-3 | J41: 骨肿瘤/截肢 | K41: 高
A42: 41 | B42: Elbow Ulnar Collateral Ligament Injury | C42: A Guide to Diagnosis and Treatment (2nd ed.) | D42: 图书 | E42: 2021 | H42: 10.1007/978-3-030-69567-5 | I42: https://link.springer.com/book/10.1007/978-3-030-69567-5 | J42: 肩/肘 | K42: 中
A43: 42 | B43: Tendinopathy | C43: From Basic Science to Clinical Management | D43: 图书 | E43: 2021 | H43: 10.1007/978-3-030-65335-4 | I43: https://link.springer.com/book/10.1007/978-3-030-65335-4 | J43: 运动医学 | K43: 中
A44: 43 | B44: Proximal Hamstring Tears | C44: From Endoscopic Repair to Open Reconstruction | D44: 图书 | E44: 2021 | H44: 10.1007/978-3-030-56025-6 | I44: https://link.springer.com/book/10.1007/978-3-030-56025-6 | J44: 髋 | K44: 中
A45: 44 | B45: The Management of Biceps Pathology | C45: A Clinical Guide from the Shoulder to the Elbow | D45: 图书 | E45: 2021 | H45: 10.1007/978-3-030-63019-5 | I45: https://link.springer.com/book/10.1007/978-3-030-63019-5 | J45: 肩/肘 | K45: 中
A46: 45 | B46: Congenital Anomalies of the Upper Extremity | C46: Etiology and Management (2nd ed.) | D46: 图书 | E46: 2021 | H46: 10.1007/978-3-030-64159-7 | I46: https://link.springer.com/book/10.1007/978-3-030-64159-7 | J46: 儿科 | K46: 低
A47: 46 | B47: Handbook of Esports Medicine | C47: Clinical Aspects of Competitive Video Gaming | D47: 图书 | E47: 2021 | H47: 10.1007/978-3-030-73610-1 | I47: https://link.springer.com/book/10.1007/978-3-030-73610-1 | J47: 运动医学 | K47: 低
A48: 47 | B48: Management and Rehabilitation of Spinal Cord Injuries | D48: 图书 | E48: 2019 | F48: Hyun-Yoon Ko | H48: 10.1007/978-981-10-7033-4 | I48: https://link.springer.com/book/10.1007/978-981-10-7033-4 | J48: 脊柱/脊髓 | K48: 高
A49: 48 | B49: Immunology and Rheumatology in Questions | C49: (2nd ed.) | D49: 图书 | E49: 2021 | H49: 10.1007/978-3-030-56670-8 | I49: https://link.springer.com/book/10.1007/978-3-030-56670-8 | J49: 风湿/血友病 | K49: 低
A50: 49 | B50: Comprehensive Treatment of Knee Osteoarthritis | C50: Recent Advances | D50: 图书 | E50: 2020 | H50: 10.1007/978-3-030-44492-1 | I50: https://link.springer.com/book/10.1007/978-3-030-44492-1 | J50: 膝/ACL | K50: 中
A51: 50 | B51: Operational and Medical Management of Explosive and Blast Incidents | D51: 图书 | E51: 2020 | H51: 10.1007/978-3-030-40655-4 | I51: https://link.springer.com/book/10.1007/978-3-030-40655-4 | J51: 创伤/骨折 | K51: 低
A52: 51 | B52: The Peroneal Tendons | C52: A Clinical Guide to Evaluation and Management | D52: 图书 | E52: 2020 | H52: 10.1007/978-3-030-46646-6 | I52: https://link.springer.com/book/10.1007/978-3-030-46646-6 | J52: 足/踝 | K52: 中
A53: 52 | B53: Regenerative Medicine for Spine and Joint Pain | D53: 图书 | E53: 2020 | H53: 10.1007/978-3-030-42771-9 | I53: https://link.springer.com/book/10.1007/978-3-030-42771-9 | J53: 脊柱/腰痛 | K53: 中
A54: 53 | B54: Elbow Arthroplasty | C54: Current Techniques and Complications | D54: 图书 | E54: 2020 | H54: 10.1007/978-3-030-14455-5 | I54: https://link.springer.com/book/10.1007/978-3-030-14455-5 | J54: 关节置换 | K54: 低
A55: 54 | B55: Revision Total Joint Arthroplasty | D55: 图书 | E55: 2020 | H55: 10.1007/978-3-030-24773-7 | I55: https://link.springer.com/book/10.1007/978-3-030-24773-7 | J55: 关节置换 | K55: 低
A56: 55 | B56: Ankle Joint Arthroscopy | C56: A Step-by-Step Guide | D56: 图书 | E56: 2020 | H56: 10.1007/978-3-030-29231-7 | I56: https://link.springer.com/book/10.1007/978-3-030-29231-7 | J56: 足/踝 | K56: 低
A57: 56 | B57: Essential Orthopedic Review | C57: Questions and Answers for Senior Medical Students | D57: 图书 | E57: 2018 | H57: 10.1007/978-3-319-78387-1 | I57: https://link.springer.com/book/10.1007/978-3-319-78387-1 | J57: 骨科康复总论 | K57: 低
A58: 57 | B58: Spinal Anatomy | C58: Modern Concepts | D58: 图书 | E58: 2020 | H58: 10.1007/978-3-030-20925-4 | I58: https://link.springer.com/book/10.1007/978-3-030-20925-4 | J58: 脊柱/腰痛 | K58: 低
A59: 58 | B59: Rehabilitation Science in Context | D59: 图书 | E59: 2018 | G59: Advances in Experimental Medicine and Biology | H59: 10.1007/978-3-319-95708-1 | I59: https://link.springer.com/book/10.1007/978-3-319-95708-1 | J59: 骨科康复总论 | K59: 中
A60: 59 | B60: Global Orthopedics | C60: Caring for Musculoskeletal Conditions and Injuries in Austere Settings (2nd ed.) | D60: 图书 | E60: 2020 | H60: 10.1007/978-3-030-13290-3 | I60: https://link.springer.com/book/10.1007/978-3-030-13290-3 | J60: 骨科康复总论 | K60: 低
A61: 60 | B61: Spinal Conditions in the Athlete | C61: A Clinical Guide to Evaluation, Management and Controversies | D61: 图书 | E61: 2020 | H61: 10.1007/978-3-030-26207-5 | I61: https://link.springer.com/book/10.1007/978-3-030-26207-5 | J61: 运动医学 | K61: 中
A62: 61 | B62: Return to Sport after ACL Reconstruction and Other Knee Operations | C62: Limiting the Risk of Reinjury and Maximizing Athletic Performance | D62: 图书 | E62: 2019 | H62: 10.1007/978-3-030-22361-8 | I62: https://link.springer.com/book/10.1007/978-3-030-22361-8 | J62: 膝/ACL | K62: 高
A63: 62 | B63: Cubital Tunnel Syndrome | C63: Diagnosis, Management and Rehabilitation | D63: 图书 | E63: 2019 | H63: 10.1007/978-3-030-14171-4 | I63: https://link.springer.com/book/10.1007/978-3-030-14171-4 | J63: 手/上肢 | K63: 高
A64: 63 | B64: Tennis Medicine | C64: A Complete Guide to Evaluation, Treatment, and Rehabilitation | D64: 图书 | E64: 2018 | H64: 10.1007/978-3-319-71498-1 | I64: https://link.springer.com/book/10.1007/978-3-319-71498-1 | J64: 运动医学 | K64: 高
A65: 64 | B65: Mechanics, Pathomechanics and Injury in the Overhead Athlete | C65: A Case-Based Approach to Evaluation, Diagnosis and Management | D65: 图书 | E65: 2019 | H65: 10.1007/978-3-030-12775-6 | I65: https://link.springer.com/book/10.1007/978-3-030-12775-6 | J65: 肩/肘 | K65: 中
A66: 65 | B66: Essential Foot and Ankle Surgical Techniques | C66: A Multidisciplinary Approach | D66: 教科书 | E66: 2019 | H66: 10.1007/978-3-030-14778-5 | I66: https://link.springer.com/book/10.1007/978-3-030-14778-5 | J66: 足/踝 | K66: 低
A67: 66 | B67: The Multiple Ligament Injured Knee | C67: A Practical Guide to Management (3rd ed.) | D67: 图书 | E67: 2019 | H67: 10.1007/978-3-030-05396-3 | I67: https://link.springer.com/book/10.1007/978-3-030-05396-3 | J67: 膝/ACL | K67: 中
A68: 67 | B68: Sacroiliac Joint Disorder | C68: Accurately Diagnosing Low Back Pain | D68: 图书 | E68: 2019 | F68: Eiichi Murakami | H68: 10.1007/978-981-13-1807-8 | I68: https://link.springer.com/book/10.1007/978-981-13-1807-8 | J68: 脊柱/腰痛 | K68: 低
A69: 68 | B69: Joint Denervation | C69: An Atlas of Surgical Techniques | D69: 图书 | E69: 2019 | F69: A. Lee Dellon | H69: 10.1007/978-3-030-05538-7 | I69: https://link.springer.com/book/10.1007/978-3-030-05538-7 | J69: 其他 | K69: 低
A70: 69 | B70: Cartilage Restoration | C70: Practical Clinical Applications (2nd ed.) | D70: 图书 | E70: 2018 | H70: 10.1007/978-3-319-77152-6 | I70: https://link.springer.com/book/10.1007/978-3-319-77152-6 | J70: 膝/ACL | K70: 中
A71: 70 | B71: Fractures in the Elderly | C71: A Guide to Practical Management | D71: 图书 | E71: 2018 | G71: Aging Medicine | H71: 10.1007/978-3-319-72228-3 | I71: https://link.springer.com/book/10.1007/978-3-319-72228-3 | J71: 创伤/骨折 | K71: 中
A72: 71 | B72: ACL Injuries in the Female Athlete | C72: Causes, Impacts, and Conditioning Programs (2nd ed.) | D72: 图书 | E72: 2018 | H72: 10.1007/978-3-662-56558-2 | I72: https://link.springer.com/book/10.1007/978-3-662-56558-2 | J72: 膝/ACL | K72: 高
A73: 72 | B73: The Elbow | C73: Principles of Surgical Treatment and Rehabilitation | D73: 图书 | E73: 2018 | H73: 10.1007/978-3-319-27805-6 | I73: https://link.springer.com/book/10.1007/978-3-319-27805-6 | J73: 肩/肘 | K73: 高
A74: 73 | B74: Managing Dismounted Complex Blast Injuries in Military & Civilian Settings | C74: Guidelines and Principles | D74: 图书 | E74: 2018 | H74: 10.1007/978-3-319-74672-2 | I74: https://link.springer.com/book/10.1007/978-3-319-74672-2 | J74: 创伤/骨折 | K74: 低
A75: 74 | B75: Rehabilitation in Orthopedic Surgery | D75: 图书 | E75: 2016 | H75: 10.1007/978-3-662-49149-2 | I75: https://link.springer.com/book/10.1007/978-3-662-49149-2 | J75: 骨科康复总论 | K75: 高
A76: 75 | B76: The Pediatric Anterior Cruciate Ligament | C76: Evaluation and Management Strategies | D76: 图书 | E76: 2018 | H76: 10.1007/978-3-319-64771-5 | I76: https://link.springer.com/book/10.1007/978-3-319-64771-5 | J76: 膝/ACL | K76: 中
A77: 76 | B77: A Practical Approach to Adolescent Bone Health | C77: A Guide for the Primary Care Provider | D77: 图书 | E77: 2018 | H77: 10.1007/978-3-319-72880-3 | I77: https://link.springer.com/book/10.1007/978-3-319-72880-3 | J77: 儿科 | K77: 低
A78: 77 | B78: Latissimus Dorsi Transfer | D78: 图书 | E78: 2017 | H78: 10.1007/978-3-319-61946-0 | I78: https://link.springer.com/book/10.1007/978-3-319-61946-0 | J78: 肩/肘 | K78: 低
A79: 78 | B79: Pediatric Orthopedics | C79: Symptoms, Differential Diagnosis, Supplementary Assessment and Treatment | D79: 图书 | E79: 2017 | F79: Jan Douwes Visser | H79: 10.1007/978-3-319-40178-2 | I79: https://link.springer.com/book/10.1007/978-3-319-40178-2 | J79: 儿科 | K79: 低
A80: 79 | B80: Prevention of Injuries in the Young Dancer | D80: 图书 | E80: 2017 | G80: Contemporary Pediatric and Adolescent Sports Medicine | H80: 10.1007/978-3-319-55047-3 | I80: https://link.springer.com/book/10.1007/978-3-319-55047-3 | J80: 运动医学 | K80: 中
A81: 80 | B81: Disorders of the Scapula and Their Role in Shoulder Injury | C81: A Clinical Guide to Evaluation and Management | D81: 图书 | E81: 2017 | H81: 10.1007/978-3-319-53584-5 | I81: https://link.springer.com/book/10.1007/978-3-319-53584-5 | J81: 肩/肘 | K81: 中
A82: 81 | B82: Hip Joint Restoration | C82: Worldwide Advances in Arthroscopy, Arthroplasty, Osteotomy and Joint Preservation Surgery | D82: 图书 | E82: 2017 | H82: 10.1007/978-1-4614-0694-5 | I82: https://link.springer.com/book/10.1007/978-1-4614-0694-5 | J82: 髋 | K82: 低
A83: 82 | B83: Osteoporosis in Orthopedics | C83: Assessment and Therapeutic Options | D83: 图书 | E83: 2016 | H83: 10.1007/978-4-431-55778-4 | I83: https://link.springer.com/book/10.1007/978-4-431-55778-4 | J83: 其他 | K83: 中
A84: 83 | B84: Imaging in Sports-Specific Musculoskeletal Injuries | D84: 图书 | E84: 2016 | H84: 10.1007/978-3-319-14307-1 | I84: https://link.springer.com/book/10.1007/978-3-319-14307-1 | J84: 影像/超声 | K84: 低
A85: 84 | B85: Fingertip Injuries | C85: Diagnosis, Management and Reconstruction | D85: 图书 | E85: 2015 | H85: 10.1007/978-3-319-13227-3 | I85: https://link.springer.com/book/10.1007/978-3-319-13227-3 | J85: 手/上肢 | K85: 低
A86: 85 | B86: Tennis Elbow | C86: Clinical Management | D86: 图书 | E86: 2015 | H86: 10.1007/978-1-4899-7534-8 | I86: https://link.springer.com/book/10.1007/978-1-4899-7534-8 | J86: 肩/肘 | K86: 中
A87: 86 | B87: Therapy of the Hand and Upper Extremity | C87: Rehabilitation Protocols | D87: 图书 | E87: 2015 | F87: Scott F. M. Duncan, Christopher W. Flowers | H87: 10.1007/978-3-319-14412-2 | I87: https://link.springer.com/book/10.1007/978-3-319-14412-2 | J87: 手/上肢 | K87: 高
A88: 87 | B88: Spondylolisthesis | C88: Diagnosis, Non-Surgical Management, and Surgical Techniques | D88: 图书 | E88: 2015 | H88: 10.1007/978-1-4899-7575-1 | I88: https://link.springer.com/book/10.1007/978-1-4899-7575-1 | J88: 脊柱/腰痛 | K88: 中
A89: 88 | B89: Posterior Cruciate Ligament Injuries | C89: A Practical Guide to Management (2nd ed.) | D89: 图书 | E89: 2015 | H89: 10.1007/978-3-319-12072-0 | I89: https://link.springer.com/book/10.1007/978-3-319-12072-0 | J89: 膝/ACL | K89: 中
A90: 89 | B90: Joint Surgery in the Adult Patient with Hemophilia | D90: 图书 | E90: 2015 | H90: 10.1007/978-3-319-10780-6 | I90: https://link.springer.com/book/10.1007/978-3-319-10780-6 | J90: 风湿/血友病 | K90: 低
A91: 90 | B91: Extremity Replantation | C91: A Comprehensive Clinical Guide | D91: 图书 | E91: 2015 | H91: 10.1007/978-1-4899-7516-4 | I91: https://link.springer.com/book/10.1007/978-1-4899-7516-4 | J91: 手/上肢 | K91: 低
A92: 91 | B92: Congenital Anomalies of the Upper Extremity | C92: Etiology and Management | D92: 图书 | E92: 2015 | H92: 10.1007/978-1-4899-7504-1 | I92: https://link.springer.com/book/10.1007/978-1-4899-7504-1 | J92: 儿科 | K92: 低
A93: 92 | B93: Neurosurgery for Spasticity | C93: A Practical Guide for Treating Children and Adults | D93: 图书 | E93: 2014 | F93: Marc Sindou, George Georgoulis, Patrick Mertens | H93: 10.1007/978-3-7091-1771-2 | I93: https://link.springer.com/book/10.1007/978-3-7091-1771-2 | J93: 神经/痉挛 | K93: 低
A94: 93 | B94: Deformity Correction in Total Knee Arthroplasty | D94: 图书 | E94: 2014 | F94: Arun B. Mullaji, Gautam M. Shetty | H94: 10.1007/978-1-4939-0566-9 | I94: https://link.springer.com/book/10.1007/978-1-4939-0566-9 | J94: 关节置换 | K94: 低
A95: 94 | B95: The Patellofemoral Joint in the Athlete | D95: 图书 | E95: 2014 | H95: 10.1007/978-1-4614-4157-1 | I95: https://link.springer.com/book/10.1007/978-1-4614-4157-1 | J95: 膝/ACL | K95: 中
A96: 95 | B96: Platelet-Rich Plasma | C96: Regenerative Medicine: Sports Medicine, Orthopedic, and Recovery of Musculoskeletal Injuries | D96: 图书 | E96: 2014 | G96: Lecture Notes in Bioengineering | H96: 10.1007/978-3-642-40117-6 | I96: https://link.springer.com/book/10.1007/978-3-642-40117-6 | J96: 运动医学 | K96: 中
A97: 96 | B97: ACL Injuries in the Female Athlete | C97: Causes, Impacts, and Conditioning Programs | D97: 图书 | E97: 2012 | H97: 10.1007/978-3-642-32592-2 | I97: https://link.springer.com/book/10.1007/978-3-642-32592-2 | J97: 膝/ACL | K97: 高
A98: 97 | B98: Orthopedic Sports Medicine | C98: Principles and Practice | D98: 图书 | E98: 2011 | H98: 10.1007/978-88-470-1702-3 | I98: https://link.springer.com/book/10.1007/978-88-470-1702-3 | J98: 运动医学 | K98: 中
A99: 98 | B99: Shoulder Instability | C99: Alternative Surgical Techniques | D99: 图书 | E99: 2011 | H99: 10.1007/978-88-470-2035-1 | I99: https://link.springer.com/book/10.1007/978-88-470-2035-1 | J99: 肩/肘 | K99: 低
A100: 99 | B100: Minimally Invasive Surgery in Total Hip Arthroplasty | D100: 图书 | E100: 2010 | H100: 10.1007/978-3-642-00897-9 | I100: https://link.springer.com/book/10.1007/978-3-642-00897-9 | J100: 关节置换 | K100: 低
...

Sheet 统计汇总
A1: Springer Nature Link 检索："Orthopedic Rehabilitation"，内容类型=Book，按相关度排序，共 109 条（检索日期 2026-10-08）
A2: 注：主题分类与相关度为根据书名/简介人工判断；作者栏仅含检索结果页显示的作者，编著类图书在页面上不显示编者故留空。
A4: 按相关度
A5: 类别 | B5: 数量
A6: 高 | B6: =COUNTIF(电子书清单!$K$2:$K$110,A6) -> 21
A7: 中 | B7: =COUNTIF(电子书清单!$K$2:$K$110,A7) -> 43
A8: 低 | B8: =COUNTIF(电子书清单!$K$2:$K$110,A8) -> 45
A9: 合计 | B9: =SUM(B6:B8) -> 109
A11: 按类型
A12: 类别 | B12: 数量
A13: 图书 | B13: =COUNTIF(电子书清单!$D$2:$D$110,A13) -> 99
A14: 教科书 | B14: =COUNTIF(电子书清单!$D$2:$D$110,A14) -> 6
A15: 参考工具书 | B15: =COUNTIF(电子书清单!$D$2:$D$110,A15) -> 2
A16: 在线持续更新参考书 | B16: =COUNTIF(电子书清单!$D$2:$D$110,A16) -> 2
A17: 合计 | B17: =SUM(B13:B16) -> 109
A19: 按主题
A20: 类别 | B20: 数量
A21: 骨科康复总论 | B21: =COUNTIF(电子书清单!$J$2:$J$110,A21) -> 11
A22: 手/上肢 | B22: =COUNTIF(电子书清单!$J$2:$J$110,A22) -> 7
A23: 膝/ACL | B23: =COUNTIF(电子书清单!$J$2:$J$110,A23) -> 13
A24: 影像/超声 | B24: =COUNTIF(电子书清单!$J$2:$J$110,A24) -> 2
A25: 康复技术/远程康复 | B25: =COUNTIF(电子书清单!$J$2:$J$110,A25) -> 2
A26: 运动医学 | B26: =COUNTIF(电子书清单!$J$2:$J$110,A26) -> 9
A27: 脊柱/脊髓 | B27: =COUNTIF(电子书清单!$J$2:$J$110,A27) -> 3
A28: 关节置换 | B28: =COUNTIF(电子书清单!$J$2:$J$110,A28) -> 8
A29: 脊柱/腰痛 | B29: =COUNTIF(电子书清单!$J$2:$J$110,A29) -> 9
A30: 肩/肘 | B30: =COUNTIF(电子书清单!$J$2:$J$110,A30) -> 11
A31: 足/踝 | B31: =COUNTIF(电子书清单!$J$2:$J$110,A31) -> 6
A32: 其他 | B32: =COUNTIF(电子书清单!$J$2:$J$110,A32) -> 3
... A38: 创伤/骨折 | B38: =COUNTIF(电子书清单!$J$2:$J$110,A38) -> 6
A39: 合计 | B39: =SUM(B21:B38) -> 109
A41: 按出版年代
A42: 年代 | B42: 数量
A43: 2000–2009 | B43: =COUNTIFS(电子书清单!$E$2:$E$110,">=2000",电子书清单!$E$2:$E$110,"<=2009") -> 9
A44: 2010–2019 | B44: =COUNTIFS(电子书清单!$E$2:$E$110,">=2010",电子书清单!$E$2:$E$110,"<=2019") -> 43
A45: 2020–2027 | B45: =COUNTIFS(电子书清单!$E$2:$E$110,">=2020",电子书清单!$E$2:$E$110,"<=2027") -> 57
