Workbook

Sheet 英文出版社
A1: 序号 | B1: 出版社 | C1: 子品牌 | D1: 书名 | E1: 副标题 | F1: 中文书名（译） | G1: 版次 | H1: 出版年 | I1: 作者/编者 | J1: 纸书 ISBN | K1: 电子书 ISBN | L1: 电子版 | M1: 在线资源/视频 | N1: 主题分类 | O1: 相关度 | P1: 链接 | Q1: 备注
A2: 1 | B2: Cambridge University Press | C2: Cambridge University Press | D2: Sports Medicine for the Emergency Physician | E2: A Practical Handbook | F2: 急诊医师运动医学实用手册 | G2: 1st | H2: 2016 | I2: Anna L. Waterbrook (ed) | J2: 9781107449886 | L2: 有 | N2: 运动康复 | O2: 低 | P2: https://www.cambridge.org/core/search?q=9781107449886 | Q2: 偏急诊处置，康复内容少；CUP 在本领域几乎无专门康复书
A3: 2 | B3: Elsevier | C3: Elsevier | D3: Clinical Orthopaedic Rehabilitation | E3: A Team Approach | F3: 临床骨科康复：团队协作方法（第5版） | G3: 5th | H3: 2027 | I3: Charles E. Giangarra, Robert C. Manske, David Rupp (eds.) | J3: 9780443286315 | K3: 9780443286322 | L3: 有 | N3: 骨科康复总论 | O3: 高 | P3: https://shop.elsevier.com/books/clinical-orthopaedic-rehabilitation/giangarra/978-0-443-28631-5 | Q3: 尚未出版（官网预告 2027-07），可列为预订；另一 eBook ISBN 9780443286339
A4: 3 | B4: Elsevier | C4: Saunders | D4: Magee's Orthopedic Physical Assessment | F4: Magee 骨科物理评估 | G4: 8th | H4: 2026 | I4: Robert C. Manske, David J. Magee | J4: 9780443128646 | K4: 9780443128165 | L4: 有 | M4: 随书增强电子书，含特殊诊断试验在线视频 | N4: 评估 | O4: 高 | P4: https://shop.elsevier.com/books/magee-s-orthopedic-physical-assessment/manske/978-0-443-12864-6 | Q4: 最新版；官网日期 2026-04，部分区域站为 2026-07；2026 Doody's Core Title
A5: 4 | B5: Elsevier | C5: Elsevier | D5: Orthopaedic Physical Therapy Secrets | F5: 骨科物理治疗精要（Secrets 系列） | G5: 4th | H5: 2024 | I5: Jeffrey D. Placzek, David A. Boyce (eds.) | J5: 9780323846578 | K5: 9780323837354 | L5: 有 | N5: 骨科康复总论 | O5: 高 | P5: https://shop.elsevier.com/books/orthopaedic-physical-therapy-secrets/placzek/978-0-323-84657-8 | Q5: 官网日期 2023-12-26，零售 2024-03；问答体
A6: 5 | B6: Elsevier | C6: Elsevier | D6: Grieve's Modern Musculoskeletal Physiotherapy | F6: Grieve 现代肌肉骨骼物理治疗 | G6: 5th | H6: 2024 | I6: Deborah Falla, Chad E. Cook, Jeremy Lewis, Christopher McCarthy, Michele Sterling (eds.) | J6: 9780702080890 | K6: 9780702080906 | L6: 有 | N6: 骨科康复总论 | O6: 高 | P6: https://shop.elsevier.com/books/grieves-modern-musculoskeletal-physiotherapy/falla/978-0-7020-8089-0 | Q6: 前一版第4版（Jull 等，2015，ISBN 9780702051524）
A7: 6 | B7: Elsevier | C7: Elsevier | D7: Petty's Musculoskeletal Examination and Assessment | E7: A Handbook for Therapists | F7: Petty 肌肉骨骼检查与评估：治疗师手册 | G7: 6th | H7: 2023 | I7: Dionne Ryder, Kieran Barnard (eds.) | J7: 9780323874717 | K7: 9780323874724 | L7: 有 | N7: 评估 | O7: 高 | P7: https://shop.elsevier.com/books/pettys-musculoskeletal-examination-and-assessment/ryder/978-0-323-87471-7 | Q7: 可与下一条组成两卷套装 ISBN 9780323849562
A8: 7 | B8: Elsevier | C8: Elsevier | D8: Petty's Principles of Musculoskeletal Treatment and Management | E8: A Handbook for Therapists | F8: Petty 肌肉骨骼治疗与管理原则：治疗师手册 | G8: 4th | H8: 2023 | I8: Kieran Barnard, Dionne Ryder (eds.) | J8: 9780323872287 | K8: 9780323872324 | L8: 有 | N8: 手法治疗 | O8: 高 | P8: https://shop.elsevier.com/books/pettys-principles-of-musculoskeletal-treatment-and-management/barnard/978-0-323-87228-7 | Q8: eBook ISBN 取自官网URL，待核实
A9: 8 | B9: Elsevier | C9: Elsevier | D9: Fundamental Orthopedic Management for the Physical Therapist Assistant | F9: 物理治疗师助理骨科管理基础 | G9: 5th | H9: 2022 | I9: Robert C. Manske (ed.) | J9: 9780323661713 | K9: 9780323661720 | L9: 有 | M9: Evolve 学习资源（待核实具体内容） | N9: 骨科康复总论 | O9: 高 | P9: https://www.us.elsevierhealth.com/fundamental-orthopedic-management-for-the-physical-therapist-assistant-9780323661713.html | Q9: 官网标2021-10，图书馆记录2022；另一 eText ISBN 9780323661737
A10: 9 | B10: Elsevier | C10: Elsevier | D10: Netter's Orthopaedic Clinical Examination | E10: An Evidence-Based Approach | F10: 奈特骨科临床检查：循证方法 | G10: 4th | H10: 2021 | I10: Joshua A. Cleland, Shane Koppenhaver, Jonathan Su | J10: 9780323695336 | K10: 9780323695343 | L10: 有 | M10: 随书电子书（是否含视频待核实） | N10: 评估 | O10: 高 | P10: https://www.us.elsevierhealth.com/netters-orthopaedic-clinical-examination-9780323695336.html | Q10: 官网 2021-03，图书馆记录 2022；另有 ISBN 9780323695350（版本形式待核实）
A11: 10 | B11: Elsevier | C11: Saunders | D11: Orthopedic Physical Assessment | F11: 骨科物理评估 | G11: 7th | H11: 2020 | I11: David J. Magee, Robert C. Manske | J11: 9780323522991 | K11: 9780323672566 | L11: 有 | M11: 随书增强电子书，含特殊检查视频 | N11: 评估 | O11: 高 | P11: https://shop.elsevier.com/books/orthopedic-physical-assessment/magee/978-0-323-52299-1 | Q11: 另有精装 ISBN 9780323749510、eBook 9780323550697；已被第8版取代
A12: 11 | B12: Elsevier | C12: Elsevier | D12: Rehabilitation of the Hand and Upper Extremity | E12: 2-Volume Set | F12: 手与上肢康复（两卷本） | G12: 7th | H12: 2020 | I12: Terri M. Skirven, A. Lee Osterman, Jane Fedorczyk, Peter C. Amadio, Sheri B. Feldscher, Eon Kyu Shin | J12: 9780323509138 | L12: 有 | M12: 随书增强电子书；大量视频库（神经损伤、手与上肢移植、手术与治疗管理） | N12: 手与上肢 | O12: 高 | P12: https://shop.elsevier.com/books/rehabilitation-of-the-hand-and-upper-extremity-2-volume-set/skirven/978-0-323-50913-8 | Q12: 手治疗领域权威参考书；部分区域站使用 ISBN 9780323547161
A13: 12 | B13: Elsevier | C13: Mosby | D13: Cooper's Fundamentals of Hand Therapy | E13: Clinical Reasoning and Treatment Guidelines for Common Diagnoses of the Upper Extremity | F13: Cooper 手治疗基础：上肢常见诊断的临床推理与治疗指南 | G13: 3rd | H13: 2020 | I13: Christine M. Wietlisbach (ed.) | J13: 9780323524797 | K13: 9780323550123 | L13: 有 | N13: 手与上肢 | O13: 高 | P13: https://www.elsevier.com/books/coopers-fundamentals-of-hand-therapy/wietlisbach/978-0-323-52479-7 | Q13: 官网另列 ISBN 9780443111389 为即将出版的新版（待核实）
A14: 13 | B14: Elsevier | C14: Elsevier Australia | D14: The Mulligan Concept of Manual Therapy | E14: Textbook of Techniques | F14: Mulligan 手法治疗理念：技术教程 | G14: 2nd | H14: 2019 | I14: Wayne Hing, Toby Hall, Brian Mulligan | J14: 9780729542821 | L14: 有 | N14: 手法治疗 | O14: 高 | P14: https://shop.elsevier.com/books/the-mulligan-concept-of-manual-therapy/hing/978-0-7295-4282-1 | Q14: 第1版 ISBN 9780729581592
A15: 14 | B15: Elsevier | C15: Elsevier | D15: Clinical Orthopaedic Rehabilitation | E15: A Team Approach | F15: 临床骨科康复：团队协作方法 | G15: 4th | H15: 2018 | I15: Charles E. Giangarra, Robert C. Manske (eds.) | J15: 9780323393706 | K15: 9780323477895 | L15: 有 | M15: 随书增强电子书（Expert Consult/eBook），具体视频内容待核实 | N15: 骨科康复总论 | O15: 高 | P15: https://shop.elsevier.com/books/clinical-orthopaedic-rehabilitation/giangarra/978-0-323-39370-6 | Q15: Brotzman 经典教材的后继版本；版权年2018，官网页面日期不一（2017/2020）；第5版已预告（2027）
A16: 15 | B16: Elsevier | C16: Saunders | D16: Pathology and Intervention in Musculoskeletal Rehabilitation | F16: 肌肉骨骼康复中的病理与干预 | G16: 2nd | H16: 2016 | I16: David J. Magee, James E. Zachazewski, William S. Quillen, Robert C. Manske | J16: 9780323310727 | K16: 9780323310734 | L16: 有 | N16: 骨科康复总论 | O16: 高 | P16: https://www.us.elsevierhealth.com/pathology-and-intervention-in-musculoskeletal-rehabilitation-9780323310727.html | Q16: Magee 肌骨康复系列；出版2015-11/版权2016；eBook ISBN 另见 9780323310765，待核实
A17: 16 | B17: Elsevier | C17: Churchill Livingstone | D17: Hand and Upper Extremity Rehabilitation | E17: A Practical Guide | F17: 手与上肢康复实用指南 | G17: 4th | H17: 2016 | I17: Rebecca Saunders, Romina Astifidis, Susan L. Burke, James Higgins, Michael A. McClinton | J17: 9781455756476 | K17: 9781455756490 | L17: 有 | N17: 手与上肢 | O17: 高 | P17: https://www.us.elsevierhealth.com/hand-and-upper-extremity-rehabilitation-9781455756476.html | Q17: 部分来源出版年为2015
A18: 17 | B18: Elsevier | C18: Saunders | D18: Orthopaedic Rehabilitation of the Athlete | E18: Getting Back in the Game | F18: 运动员骨科康复：重返赛场 | G18: 1st | H18: 2015 | I18: Bruce Reider, George J. Davies, Matthew T. Provencher (eds.) | J18: 9781455727803 | K18: 9781455737437 | L18: 有 | N18: 运动康复 | O18: 高 | P18: https://eld.bl.uk/catalog/018086804 | Q18: 约1600页，覆盖颈椎至足部的运动损伤及术后康复方案与运动处方；官网页未直接核实
A19: 18 | B19: Elsevier | C19: Churchill Livingstone | D19: Manual Therapy for Musculoskeletal Pain Syndromes | E19: An Evidence- and Clinical-Informed Approach | F19: 肌肉骨骼疼痛综合征的手法治疗：循证与临床指导方法 | G19: 1st | H19: 2015 | I19: César Fernández-de-las-Peñas, Joshua Cleland, Jan Dommerholt (eds.) | J19: 9780702055768 | K19: 9780702055775 | L19: 有 | N19: 手法治疗 | O19: 高 | P19: https://tienda.elsevier.com/books/manual-therapy-for-musculoskeletal-pain-syndromes/fernandez-de-las-penas/978-0-7020-5576-8 | Q19: 出版2015-04，部分图书馆记录为2016；按部位（肩、髋、肘、膝、腕手、踝足）分章
A20: 19 | B20: Elsevier | C20: Churchill Livingstone | D20: Maitland's Peripheral Manipulation | E20: Management of Neuromusculoskeletal Disorders - Volume 2 | F20: Maitland 外周关节手法治疗（神经肌肉骨骼疾病管理 第2卷） | G20: 5th | H20: 2014 | I20: Elly Hengeveld, Kevin Banks (eds.) | J20: 9780702040672 | L20: 有 | N20: 手法治疗 | O20: 高 | P20: https://www.us.elsevierhealth.com/maitlands-peripheral-manipulation-9780702040672.html | Q20: 2015年前出版但仍为最新版
A21: 20 | B21: Elsevier | C21: Mosby | D21: Rehabilitation for the Postsurgical Orthopedic Patient | F21: 骨科术后患者的康复 | G21: 3rd | H21: 2013 | I21: Lisa Maxey, Jim Magnusson (eds.) | J21: 9780323077477 | K21: 9780323291392 | L21: 有 | N21: 骨科康复总论 | O21: 高 | P21: https://www.eu.elsevierhealth.com/rehabilitation-for-the-postsurgical-orthopedic-patient-9780323077477.html | Q21: 未见第4版，3版仍为最新版；2015年前出版
A22: 21 | B22: Elsevier | C22: Churchill Livingstone | D22: Maitland's Vertebral Manipulation | E22: Management of Neuromusculoskeletal Disorders - Volume 1 | F22: Maitland 脊柱手法治疗（神经肌肉骨骼疾病管理 第1卷） | G22: 8th | H22: 2013 | I22: Elly Hengeveld, Kevin Banks (eds.) | J22: 9780702040665 | L22: 有 | N22: 脊柱 | O22: 高 | P22: https://www.us.elsevierhealth.com/maitlands-vertebral-manipulation-9780702040665.html | Q22: 2015年前出版但仍为最新版；区域站另见 ISBN 9780702054587（疑为 eBook）
A23: 22 | B23: Elsevier | C23: Saunders | D23: Physical Rehabilitation of the Injured Athlete | F23: 受伤运动员的物理康复 | G23: 4th | H23: 2012 | I23: James R. Andrews, Gary L. Harrelson, Kevin E. Wilk | J23: 9781437724110 | K23: 9781455737444 | L23: 有 | M23: Expert Consult 印刷+在线版 | N23: 运动康复 | O23: 高 | P23: https://shop.elsevier.com/books/physical-rehabilitation-of-the-injured-athlete/andrews/978-1-4377-2411-0 | Q23: 未见更新版本，2015年前出版
A24: 23 | B24: Elsevier | C24: Mosby | D24: Clinical Orthopaedic Rehabilitation | E24: An Evidence-Based Approach | F24: 临床骨科康复学：循证方法 | G24: 3rd | H24: 2011 | I24: S. Brent Brotzman, Robert C. Manske (eds.) | J24: 9780323055901 | K24: 9780323081252 | L24: 有 | M24: Expert Consult 在线版，含康复技术视频 | N24: 骨科康复总论 | O24: 高 | P24: https://shop.elsevier.com/books/clinical-orthopaedic-rehabilitation-an-evidence-based-approach/brotzman/978-0-323-05590-1 | Q24: 经典 Brotzman 版，已被上面 Team Approach 版取代，2015年前出版；另见 eText ISBN 9780323296762
A25: 24 | B25: Elsevier | C25: Mosby | D25: Postsurgical Rehabilitation Guidelines for the Orthopedic Clinician | F25: 骨科临床医师术后康复指南 | G25: 1st | H25: 2006 | I25: Hospital for Special Surgery Rehabilitation Department; JeMe Cioppa-Mosca, Janet B. Cahill, Carmen Young Tucker (eds.) | J25: 9780323032001 | K25: 9780323059008 | L25: 有 | M25: 印刷版附 DVD（60余分钟治疗性运动视频） | N25: 关节置换 | O25: 高 | P25: https://www.us.elsevierhealth.com/postsurgical-rehabilitation-guidelines-for-the-orthopedic-clinician-9780323059008.html | Q25: 出版较早（2006），HSS 分期康复方案，含全髋/全膝/全肩置换
A26: 25 | B26: Elsevier | C26: Elsevier | D26: Neumann's Kinesiology of the Musculoskeletal System | F26: Neumann 肌肉骨骼系统运动学 | G26: 4th | H26: 2024 | I26: Donald A. Neumann | J26: 9780323718592 | K26: 9780323831475 | L26: 有 | M26: 随书增强电子书，含解剖与运动学原理视频 | N26: 其他 | O26: 中 | P26: https://www.us.elsevierhealth.com/neumanns-kinesiology-of-the-musculoskeletal-system-9780323718592.html | Q26: 康复基础教材；出版2024-05，版权年2025
A27: 26 | B27: Elsevier | C27: Elsevier | D27: Daniels and Worthingham's Muscle Testing | E27: Techniques of Manual Muscle and Physical Performance Testing | F27: Daniels-Worthingham 肌肉测试：徒手肌力与体能测试技术 | G27: 11th | H27: 2024 | I27: Dale Avers, Donovan J. Lott, Marybeth Brown | J27: 9780323824200 | L27: 有 | M27: 随书电子书 | N27: 评估 | O27: 中 | P27: https://www.us.elsevierhealth.com/daniels-and-worthinghams-muscle-testing-9780323824200.html | Q27: 通用康复评估工具书，非骨科专用
A28: 27 | B28: Elsevier | C28: Elsevier | D28: Joint Range of Motion and Muscle Length Testing | F28: 关节活动度与肌肉长度测量 | G28: 4th | H28: 2023 | I28: Nancy Berryman Reese, William D. Bandy | J28: 9780323831871 | K28: 9780323831901 | L28: 有 | M28: 随书电子书 | N28: 评估 | O28: 中 | P28: https://shop.elsevier.com/books/joint-range-of-motion-and-muscle-length-testing/reese/978-0-323-83187-1 | Q28: 另一 eText ISBN 9780323831888，待核实
A29: 28 | B29: Elsevier | C29: Elsevier Australia | D29: Kinetic Control | E29: The Management of Uncontrolled Movement (Revised Edition) | F29: 动作控制：失控运动的管理（修订版） | G29: Revised ed. | H29: 2019 | I29: Mark Comerford, Sarah Mottram | J29: 9780729543262 | L29: 有 | N29: 手法治疗 | O29: 中 | P29: https://www.asia.elsevierhealth.com/kinetic-control-revised-edition-9780729543262.html | Q29: 运动控制/动作再训练；原版2012（ISBN 9780729541671）；topic 亦可归运动康复
A30: 29 | B30: Elsevier | C30: Churchill Livingstone | D30: Spinal Control: The Rehabilitation of Back Pain | E30: State of the Art and Science | F30: 脊柱控制：腰背痛康复的前沿与科学 | G30: 1st | H30: 2013 | I30: Paul W. Hodges, Jacek Cholewicki, Jaap H. van Dieën (eds.) | J30: 9780702043567 | K30: 9780702054549 | L30: 有 | N30: 脊柱 | O30: 中 | P30: https://www.uk.elsevierhealth.com/spinal-control-the-rehabilitation-of-back-pain-9780702043567.html | Q30: 偏科研；英国站显示按需印刷
A31: 30 | B31: Elsevier | C31: Saunders | D31: Athletic and Sport Issues in Musculoskeletal Rehabilitation | F31: 肌肉骨骼康复中的运动员与运动问题 | G31: 1st | H31: 2011 | I31: David J. Magee, Robert C. Manske, James E. Zachazewski, William S. Quillen | L31: 有 | N31: 运动康复 | O31: 中 | P31: https://www.us.elsevierhealth.com/athletic-and-sport-issues-in-musculoskeletal-rehabilitation-9781437715729.html | Q31: Magee 肌骨康复系列；官网URL含9781437715729（疑为eBook），印刷版ISBN未核实；2015年前出版
A32: 31 | B32: Elsevier | C32: Mosby | D32: Movement System Impairment Syndromes of the Extremities, Cervical and Thoracic Spines | F32: 四肢、颈椎及胸椎的运动系统损伤综合征 | G32: 1st | H32: 2011 | I32: Shirley Sahrmann and associates | J32: 9780323053426 | K32: 9780323083782 | L32: 有 | M32: Evolve 配套网站，含检查与操作视频 | N32: 评估 | O32: 中 | P32: https://www.elsevier.com/books/movement-system-impairment-syndromes-of-the-extremities-cervical-and-thoracic-spines/major/978-0-323-05342-6 | Q32: Sahrmann 第二部专著，配合 Diagnosis and Treatment of Movement Impairment Syndromes 使用；2015年前出版
A33: 32 | B33: F.A. Davis | D33: Therapeutic Exercise | E33: Foundations and Techniques | F33: 治疗性运动：基础与技术（第8版） | G33: 8th | H33: 2023 | I33: Carolyn Kisner; Lynn Allen Colby; John Borstad | J33: 9781719640473 | K33: 9781719649476 | L33: 有 | M33: F.A. Davis 在线资源（凭书内访问码）：治疗性运动视频库、6 个 Immersive Cases 多媒体病例 | N33: 骨科康复总论 | O33: 高 | Q33: 版权日期 2022-12，多数书目著录 2023；平台名称（DavisPlus/Davis Advantage）未核实
A34: 33 | B34: F.A. Davis | D34: Examination of Orthopedic & Athletic Injuries | F34: 骨科与运动损伤检查（第5版） | G34: 5th | H34: 2023 | I34: Chad Starkey; Blaine C. Long; Julie M. Cavallario | J34: 9780803690158 | K34: 9781719650076 | L34: 有 | M34: 在线资源（访问码）：关节活动度动画、各章复习题 | N34: 评估 | O34: 高 | Q34: 约 1040 页
A35: 34 | B35: F.A. Davis | D35: Orthopedic Interventions for the Physical Therapist Assistant | F35: 物理治疗师助理骨科干预 | G35: 1st | H35: 2020 | I35: Maureen Raffensperger | J35: 9780803643710 | K35: 9780803699526 | L35: 有 | N35: 骨科康复总论 | O35: 高 | Q35: 449 页；按肩、肘、腕手、脊柱、骨盆髋、膝、踝足分章；部分零售商标 2019
A36: 35 | B36: F.A. Davis | D36: Orthopaedic Manual Physical Therapy | E36: From Art to Evidence | F36: 骨科手法物理治疗：从艺术到证据 | G36: 1st | H36: 2015 | I36: Christopher H. Wise | J36: 9780803614970 | K36: 9780803645172 | L36: 有 | N36: 手法治疗 | O36: 高 | Q36: 936 页；电子 ISBN 来自书店 eText 列表
A37: 36 | B37: F.A. Davis | D37: Norkin & White's Measurement of Joint Motion | E37: A Guide to Goniometry | F37: Norkin & White 关节活动测量：量角法指南（第6版） | G37: 6th | H37: 2025 | I37: D. Joyce White | J37: 9781719642415 | K37: 9781719654852 | L37: 有 | N37: 评估 | O37: 中 | Q37: 2025年12月出版；PDF 版 ISBN 9781719642422；第5版（2016）由 Norkin & White 合著
A38: 37 | B38: F.A. Davis | D38: Ortho Notes | E38: Clinical Examination Pocket Guide | F38: 骨科笔记：临床检查袖珍指南（第5版） | G38: 5th | H38: 2024 | I38: Dawn Gulick | J38: 9781719648622 | L38: 未知 | N38: 评估 | O38: 中 | Q38: 第5版 ISBN/年份仅单一书商来源（2024/5），需核实；第4版 2018, ISBN 9780803666573
A39: 38 | B39: F.A. Davis | D39: Orthopedic Taping, Wrapping, Bracing, and Padding | F39: 骨科贴扎、包扎、支具与护垫（第4版） | G39: 4th | H39: 2021 | I39: Joel W. Beam | J39: 9781719640671 | K39: 9781719645539 | L39: 有 | N39: 运动康复 | O39: 中
A40: 39 | B40: Human Kinetics | D40: Therapeutic Interventions for Musculoskeletal Conditions | F40: 肌肉骨骼疾病的治疗性干预 | G40: 1st | H40: 2027 | I40: Craig R. Denegar; Grant E. Norte; Neal R. Glaviano | J40: 9781718230934 | K40: 9781718230941 | L40: 有 | M40: HKPropel 在线视频/资源 | N40: 骨科康复总论 | O40: 高 | P40: https://us.humankinetics.com/products/therapeutic-interventions-for-musculoskeletal-conditions-with-hkpropel-online-video | Q40: 官网标 ©2027，368 页，可能为新书/预售；整合物理因子、手法与治疗性运动的多模式方案
A41: 40 | B41: Human Kinetics | D41: Examination of Musculoskeletal Injuries | F41: 肌肉骨骼损伤检查（第5版） | G41: 5th | H41: 2026 | I41: Sandra J. Shultz; Tamara C. Valovich McLeod | J41: 9781718228313 | K41: 9781718228320 | L41: 有 | M41: HKPropel 在线视频库（240+ 段评估技术视频） | N41: 评估 | O41: 高 | P41: https://us.humankinetics.com/products/examination-of-musculoskeletal-injuries-5th-edition-with-hkpropel-access | Q41: 官网标 ©2026，648 页；第4版（2016）作者含 Houglum、Perrin
A42: 41 | B42: Human Kinetics | D42: Special Tests in Orthopedics | F42: 骨科特殊检查 | G42: 1st | H42: 2026 | I42: Tamara C. Valovich McLeod; Sandra J. Shultz | J42: 9781718245808 | K42: 9781718245815 | L42: 有 | N42: 评估 | O42: 高 | P42: https://us.humankinetics.com/products/special-tests-in-orthopedics | Q42: 官网标 ©2026，280 页；收录 214 项特殊检查及敏感度/特异度等心理测量学数据
A43: 42 | B43: Human Kinetics | D43: Low Back Disorders | F43: 下背部疾病（第4版） | G43: 4th | H43: 2026 | I43: Stuart McGill | J43: 9781718236257 | K43: 9781718236264 | L43: 有 | M43: HKPropel 在线资源/视频 | N43: 脊柱 | O43: 高 | P43: https://us.humankinetics.com/products/low-back-disorders-4th-edition-with-hkpropel-access | Q43: 官网标 ©2026，464 页；循证预防与康复
A44: 43 | B44: Human Kinetics | D44: Rehabilitation of Musculoskeletal Injuries | F44: 肌肉骨骼损伤康复（第5版） | G44: 5th | H44: 2023 | I44: Peggy A. Houglum; Kristine L. Boyle-Walker; Daniel E. Houglum | J44: 9781718203150 | K44: 9781718203167 | L44: 有 | M44: HKPropel 在线视频（47 项技术演示） | N44: 骨科康复总论 | O44: 高 | P44: https://us.humankinetics.com/products/rehabilitation-of-musculoskeletal-injuries-5th-edition-with-hkpropel-online-video | Q44: 即 Houglum《Therapeutic Exercise for Musculoskeletal Injuries》第5版，本版更名；精装 1176 页
A45: 44 | B45: Human Kinetics | D45: Orthopedic Joint Mobilization and Manipulation | E45: An Evidence-Based Approach | F45: 骨科关节松动与手法操作：循证方法 | G45: 1st | H45: 2019 | I45: Robert C. Manske; B.J. Lehecka; Michael P. Reiman; Janice K. Loudon | J45: 9781492544951 | K45: 9781492588177 | L45: 有 | M45: 在线学习指南（Web Study Guide） | N45: 手法治疗 | O45: 高 | P45: https://us.humankinetics.com/products/orthopedic-joint-mobilization-and-manipulation-with-web-study-guide | Q45: 272 页；副标题已在官网描述中核对
A46: 45 | B46: Human Kinetics | D46: Sport Therapy for the Shoulder | E46: Evaluation, Rehabilitation, and Return to Sport | F46: 肩部运动治疗：评估、康复与重返运动 | G46: 1st | H46: 2017 | I46: Todd S. Ellenbecker; Kevin E. Wilk | J46: 9781450431644 | K46: 9781492586357 | L46: 有 | M46: 在线视频（21 段评估检查演示） | N46: 肩肘 | O46: 高 | P46: https://us.humankinetics.com/products/sport-therapy-for-the-shoulder-with-online-video | Q46: 含棒球/网球/高尔夫/游泳等专项重返运动进阶
A47: 46 | B47: Human Kinetics | D47: Orthopedic Clinical Examination | F47: 骨科临床检查 | G47: 1st | H47: 2016 | I47: Michael P. Reiman | J47: 9781450459945 | K47: 9781492585237 | L47: 有 | M47: 在线网络资源（Web Resource） | N47: 评估 | O47: 高 | P47: https://us.humankinetics.com/products/orthopedic-clinical-examination-with-web-resource | Q47: 精装 1152 页
A48: 47 | B48: Human Kinetics | C48: Lotus Publishing | D48: The Pocket Atlas of Special Tests for the Lower Limb | F48: 下肢特殊检查袖珍图谱 | G48: 1st | H48: 2027 | I48: Jane Johnson | J48: 9781718244900 | K48: 9781718244917 | L48: 有 | N48: 评估 | O48: 中 | P48: https://us.humankinetics.com/products/pocket-atlas-of-special-tests-for-the-lower-limb-the | Q48: 官网标 ©2027，168 页，可能尚未正式出版；99 项髋/膝/踝足检查
A49: 48 | B49: Human Kinetics | D49: Principles of Goniometry and Manual Muscle Testing | F49: 关节角度测量与徒手肌力测试原理 | G49: 1st | H49: 2027 | I49: Abigail Shelley | J49: 9781718241084 | K49: 9781718241091 | L49: 有 | M49: HKPropel 在线视频 | N49: 评估 | O49: 中 | P49: https://us.humankinetics.com/products/principles-of-goniometry-and-manual-muscle-testing-with-hkpropel-online-video | Q49: 官网标 ©2027，384 页，可能为预售
A50: 49 | B50: Human Kinetics | C50: Lotus Publishing | D50: Spinal Manipulations and Mobilization Techniques | F50: 脊柱手法与松动技术 | G50: 1st | H50: 2026 | I50: John Gibbons | J50: 9781718244962 | K50: 9781718244979 | L50: 有 | M50: 45+ 段在线视频演示 | N50: 手法治疗 | O50: 中 | P50: https://us.humankinetics.com/products/spinal-manipulations-and-mobilization-techniques | Q50: 官网标 ©2026，232 页；作者为整骨治疗师，面向整骨/脊骨/物理治疗师；HK 标签显示为 Lotus Books 合作出版
A51: 50 | B51: Human Kinetics | C51: Lotus Publishing | D51: The Pocket Atlas of Special Tests for the Upper Limb | F51: 上肢特殊检查袖珍图谱 | G51: 1st | H51: 2026 | I51: Jane Johnson | J51: 9781718243095 | K51: 9781718243101 | L51: 有 | N51: 评估 | O51: 中 | P51: https://us.humankinetics.com/products/pocket-atlas-of-special-tests-for-the-upper-limb-the | Q51: 官网标 ©2026，136 页；83 项肩/肘/腕手检查
A52: 51 | B52: Human Kinetics | D52: Clinical Guide to Positional Release Therapy | F52: 摆位放松疗法临床指南 | G52: 1st | H52: 2016 | I52: Timothy E. Speicher | J52: 9781450496247 | L52: 有 | M52: 在线网络资源（Web Resource） | N52: 手法治疗 | O52: 中 | P52: https://us.humankinetics.com/products/clinical-guide-to-positional-release-therapy-with-web-resource | Q52: 368 页；官网有 epub 版，电子 ISBN 未取到
A53: 52 | B53: Jaypee Brothers Medical Publishers | D53: Physiotherapy in Orthopaedic and Rheumatologic Conditions | F53: 骨科与风湿性疾病的物理治疗 | G53: 1st | H53: 2025 | I53: Megha Sandeep Sheth; Priya Singh Rangey; Neeta Jayprakash; Srishti S Sharma; Shivani Siddharth Sheth | J53: 9789354654121 | L53: 有 | M53: JaypeeDigital 平台电子版 | N53: 骨科康复总论 | O53: 高 | P53: https://jaypeebrothers.com/products/9789354654121 | Q53: 官网显示 1/e Reprint 2025，908 页；首版年份未核实
A54: 53 | B54: Jaypee Brothers Medical Publishers | D54: Fundamentals of Orthopedic Physiotherapy | E54: A Simplified Approach, Rationale and Rehabilitation | F54: 骨科物理治疗基础：简明方法、原理与康复（第2版） | G54: 2nd | H54: 2025 | I54: Mukesh Sharma | J54: 9789356969254 | L54: 未知 | N54: 骨科康复总论 | O54: 高 | P54: https://jaypeebrothers.com/products/9789356969254 | Q54: 510 页；第1版书名为 Simplified Approach to Orthopedic Physiotherapy: Rationale and Rehabilitation（ISBN 9789352709618）
A55: 54 | B55: Jaypee Brothers Medical Publishers | D55: Essentials of Orthopedics for Physiotherapists | F55: 物理治疗师骨科学精要（第3版） | G55: 3rd | H55: 2017 | I55: John Ebnezar; Rakesh John | J55: 9789386261793 | L55: 有 | M55: JaypeeDigital 平台电子版 | N55: 骨科康复总论 | O55: 高 | P55: https://jaypeebrothers.com/products/9789386261793 | Q55: 2016-12/2017 出版，约 592 页，官网有 2024 重印；55 章
A56: 55 | B56: Jaypee Brothers Medical Publishers | D56: Physical Therapy: Treatment of Common Orthopedic Conditions | F56: 物理治疗：常见骨科疾病的治疗 | G56: 1st | H56: 2016 | I56: Neeraj D. Baheti; Moira K. Jamati (eds.) | J56: 9789352501670 | L56: 有 | M56: JaypeeDigital 平台电子版 | N56: 骨科康复总论 | O56: 高 | P56: https://jaypeebrothers.com/products/9789352501670 | Q56: 约 480 页，16 章按上肢/脊柱/下肢编排；美国作者团队，循证取向
A57: 56 | B57: Jaypee Brothers Medical Publishers | D57: Principles of Manual Therapy | E57: A Manual Therapy Approach to Musculoskeletal Dysfunction | F57: 手法治疗原理：肌肉骨骼功能障碍的手法治疗方法（第3版） | G57: 3rd | H57: 2019 | I57: Deepak Sebastian | J57: 9789352703012 | L57: 有 | M57: JaypeeDigital 平台电子版 | N57: 手法治疗 | O57: 中 | Q57: 第3版 ISBN/年份来自书商列表；作者按前版（2005 第1版、2012 第2版 ISBN 9789350903049）推定，需核实
A58: 57 | B58: McGraw Hill | C58: McGraw Hill Australia | D58: Brukner & Khan's Clinical Sports Medicine: Managing Injuries | F58: Brukner & Khan 临床运动医学：损伤管理（第6版） | G58: 6th | H58: 2026 | I58: Peter Brukner; Karim Khan 等 | J58: 9781761000027 | L58: 未知 | M58: AccessPhysiotherapy 收录前版（第5版 Vol.1/Vol.2） | N58: 运动康复 | O58: 高 | P58: https://www.mheducation.com.au/clinical-sports-medicine-managing-injuries-6th-edition-9781761000027-aus | Q58: 第6版将原 Vol.1 Injuries 拆为两册；官网列 2026-04-28 可购；第5版 Vol.1 Injuries 2017, ISBN 9781760421663
A59: 58 | B59: McGraw Hill | C59: McGraw Hill Medical / AccessPhysiotherapy | D59: Dutton's Orthopaedic: Examination, Evaluation and Intervention | F59: Dutton 骨科学：检查、评估与干预（第6版） | G59: 6th | H59: 2023 | I59: Mark Dutton | J59: 9781264259076 | K59: 9781264946112 | L59: 有 | M59: AccessPhysiotherapy 全文及新增检查/技术视频 | N59: 骨科康复总论 | O59: 高 | P59: https://www.mhprofessional.com/dutton-s-orthopaedic-examination-evaluation-and-intervention-sixth-edition-9781264259076-usa | Q59: 1200+ 图；电子 ISBN 由 mhprofessional 电子版页面推断
A60: 59 | B60: McGraw Hill | C60: McGraw Hill Medical / AccessPhysiotherapy | D60: Musculoskeletal Interventions | E60: Techniques for Therapeutic Exercise | F60: 肌肉骨骼干预：治疗性运动技术（第4版） | G60: 4th | H60: 2021 | I60: Barbara J. Hoogenboom; Michael L. Voight; William E. Prentice (eds.) | J60: 9781260459951 | K60: 9781260459968 | L60: 有 | M60: AccessPhysiotherapy 平台 | N60: 骨科康复总论 | O60: 高 | P60: https://www.mhprofessional.com/musculoskeletal-interventions-techniques-for-therapeutic-exercise-fourth-edition-9781260459968-usa | Q60: 约 1232 页；平台收录情况按机构订阅而定
A61: 60 | B61: McGraw Hill | C61: McGraw Hill Australia | D61: Brukner & Khan's Clinical Sports Medicine: Foundations of Clinical Practice | F61: Brukner & Khan 临床运动医学：临床实践基础（第6版） | G61: 6th | H61: 2025 | I61: Peter Brukner; Karim Khan 等 | J61: 9781761000010 | L61: 未知 | N61: 运动康复 | O61: 中 | Q61: 涵盖生物力学、负荷管理、评估与治疗原则；年份来自台湾书商（2025/6），需核实
A62: 61 | B62: McGraw Hill | C62: McGraw Hill Medical / AccessPhysiotherapy | D62: Physical Therapy Case Files: Orthopaedics | F62: 物理治疗病例集：骨科（第2版） | G62: 2nd | H62: 2024 | I62: Jason Brumitt; Erin E. Jobst (eds.) | J62: 9781264286003 | K62: 9781264286010 | L62: 有 | M62: AccessPhysiotherapy 病例库 | N62: 骨科康复总论 | O62: 中 | Q62: 约 33–37 个骨科病例，含 NPTE 式复习题；新增血流限制训练、干针、胸椎手法等；第2版编者沿用第1版（2013）信息，需核实
A63: 62 | B63: McGraw Hill | C63: McGraw Hill Medical / AccessPhysiotherapy | D63: Therapeutic Modalities in Rehabilitation | F63: 康复中的物理因子治疗（第6版） | G63: 6th | H63: 2021 | I63: William E. Prentice | J63: 9781264264551 | L63: 有 | M63: AccessPhysiotherapy 平台；教学视频 | N63: 其他 | O63: 中 | P63: https://www.mhprofessional.com/therapeutic-modalities-in-rehabilitation-sixth-edition-9781264264551-usa | Q63: 物理因子疗法，非纯骨科但为肌骨康复常用配套教材；720 页
A64: 63 | B64: Oxford University Press | C64: Oxford University Press | D64: Oxford Textbook of Musculoskeletal Medicine | F64: 牛津肌肉骨骼医学教科书（第2版） | G64: 2nd | H64: 2015 | I64: Michael Hutson, Adam Ward (eds) | J64: 9780199674107 | K64: 9780191655623 | L64: 有 | M64: Oxford Medicine Online 在线版含肌骨检查及检查技术视频；购买纸书附一年在线访问 | N64: 骨科康复总论 | O64: 高 | P64: https://academic.oup.com/book/31818 | Q64: 出版日 2015-11 / 2016-01 记录不一；isbn_ebook 来自书店 eText 记录
A65: 64 | B65: Oxford University Press | C65: Oxford University Press | D65: Oxford Handbook of Sport and Exercise Medicine | F65: 牛津运动与锻炼医学手册（第3版） | G65: 3rd | H65: 2026 | J65: 9780198854166 | L65: 未知 | N65: 运动康复 | O65: 中 | P65: https://academic.oup.com/book/24804 | Q65: 第3版仅见书店记录（2026-08-19，880 页），未在 OUP 官网核实；现行第2版 2012（MacAuley 编，9780199660155，在线 9780191743016），url 指向第2版
A66: 65 | B66: Oxford University Press | C66: Oxford University Press | D66: Oxford Handbook of Rehabilitation Medicine | F66: 牛津康复医学手册（第3版） | G66: 3rd | H66: 2018 | I66: Manoj Sivan, Margaret Phillips, Ian Baguley, Melissa Nott | J66: 9780198785477 | K66: 9780191088261 | L66: 有 | N66: 其他 | O66: 中 | P66: https://academic.oup.com/book/29871 | Q66: PM&R 综合手册，含肌骨章节；部分书目记 2019；作者为本人记忆中的编者，建议核对
A67: 66 | B67: Oxford University Press | C67: Oxford University Press | D67: Oxford Handbook of Trauma and Orthopaedics | F67: 牛津创伤与骨科手册（第2版） | G67: 2nd | H67: 2025 | I67: Kunal Kulkarni, Randeep Aujla, Jeremy Granville Chapman (eds) | J67: 9780198738657 | L67: 有 | N67: 其他 | O67: 低 | P67: https://academic.oup.com/book/60689 | Q67: 第1版名为 Oxford Handbook of Orthopaedics and Trauma（2010）；9780192849144 为印度/亚洲版；偏骨科临床
A68: 67 | B68: Oxford University Press | C68: Oxford University Press | D68: SBAs in Sport, Exercise, and Musculoskeletal Medicine | F68: 运动、锻炼与肌肉骨骼医学单项最佳选择题集 | G68: 1st | H68: 2021 | I68: Robin Chatterjee (ed) | J68: 9780198859444 | K68: 9780192676320 | L68: 有 | N68: 其他 | O68: 低 | P68: https://global.oup.com/academic/search?q=9780198859444 | Q68: 考试题集（MFSEM），Oxford Specialty Training: Revision Texts 系列
A69: 68 | B69: Oxford University Press | C69: Oxford University Press | D69: Oxford Handbook of Trauma and Orthopaedic Nursing | F69: 牛津创伤与骨科护理手册（第2版） | G69: 2nd | H69: 2021 | J69: 9780198831839 | L69: 有 | N69: 其他 | O69: 低 | P69: https://global.oup.com/academic/search?q=9780198831839 | Q69: 护理视角；作者未核实
A70: 69 | B70: Oxford University Press | C70: Oxford University Press | D70: Oxford Textbook of Children's Sport and Exercise Medicine | F70: 牛津儿童运动与锻炼医学教科书（第3版） | G70: 3rd | H70: 2017 | I70: Neil Armstrong, Willem van Mechelen (eds) | J70: 9780198757672 | L70: 有 | M70: 纸书附在线访问（online access included） | N70: 运动康复 | O70: 低 | P70: https://academic.oup.com/book/29685 | Q70: 含儿童/青少年运动损伤部分
A71: 70 | B71: SLACK Incorporated | C71: Routledge（现行版本） | D71: Foundations of Orthopedic Physical Therapy | F71: 骨科物理治疗基础 | G71: 1st | H71: 2023 | I71: Harvey W. Wallmann; Robert Donatelli (eds.) | J71: 9781630911676 | K71: 9781040142233 | L71: 有 | N71: 骨科康复总论 | O71: 高 | P71: https://routledge.com/Foundations-of-Orthopedic-Physical-Therapy/Wallmann-Donatelli/p/book/9781630911676 | Q71: SLACK 精装版 2023年9月，约 728 页；部分图书馆记录为[2024]；T&F 另有印刷 ISBN 9781041259060，电子 ISBN 来自书店列表，需核实
A72: 71 | B72: SLACK Incorporated | C72: Routledge（2024年起SLACK图书归入Taylor & Francis） | D72: Rehabilitation Techniques for Sports Medicine and Athletic Training | F72: 运动医学与运动防护康复技术（第7版） | G72: 7th | H72: 2020 | I72: William E. Prentice (ed.) | J72: 9781630916237 | K72: 9781003526308 | L72: 有 | M72: 700+ 段高清视频、整合实验手册 | N72: 运动康复 | O72: 高 | P72: https://www.routledge.com/Rehabilitation-Techniques-for-Sports-Medicine-and-Athletic-Training/Prentice/p/book/9781630916237 | Q72: 注意：该书第6版（2015, ISBN 9781617119316）起即由 SLACK 出版，并非 McGraw Hill（McGraw Hill 出版的是第5版及更早版本）
A73: 72 | B73: SLACK Incorporated | D73: The Comprehensive Manual of Therapeutic Exercises | E73: Orthopedic and General Conditions | F73: 治疗性运动综合手册：骨科与一般病症 | G73: 1st | H73: 2018 | I73: Elizabeth Bryan | J73: 9781630911645 | L73: 未知 | N73: 骨科康复总论 | O73: 高 | Q73: 按身体部位编排的数千个练习及方案；有图书馆记录显示 2024 年 Routledge 重印
A74: 73 | B74: SLACK Incorporated | D74: Sports-Related Conditions of the Elbow | E74: A Guide to Successful Return to Play | F74: 运动相关肘部疾病：成功重返运动指南 | G74: 1st | H74: 2021 | I74: Anthony A. Romeo; Brandon J. Erickson (eds.) | J74: 9781630917838 | L74: 未知 | M74: 技术视频（检查手法、影像评估、手术方法） | N74: 肩肘 | O74: 中 | P74: https://routledge.com/Sports-Related-Conditions-of-the-Elbow-A-Guide-to-Successful-Return-to-Play/Romeo-Erickson/p/book/9781630917838 | Q74: 骨科医生主编，但每章含循证康复与重返运动部分
A75: 74 | B75: SLACK Incorporated | D75: Special Tests for Orthopedic Examination | F75: 骨科检查特殊试验（第4版） | G75: 4th | H75: 2016 | I75: Jeff G. Konin; Denise Lebsack; Alison R. Snyder Valier; Jerome A. Isear Jr. | J75: 9781617119828 | L75: 有 | M75: 配套视频网站（160 项特殊检查演示） | N75: 评估 | O75: 中 | Q75: 2015年12月出版（版权年 2016）；已由 Routledge/CRC 重新发行（DOI 10.1201/9781003526490），未见第5版
A76: 75 | B76: Springer Publishing Company | C76: Springer Publishing (原 Demos Medical) | D76: Musculoskeletal Injuries and Conditions | E76: Assessment and Management | F76: 肌肉骨骼损伤与疾病：评估与处理 | G76: 1st | H76: 2016 | I76: Se Won Lee | J76: 9781620700983 | K76: 9781617052750 | L76: 有 | M76: 购书含可下载电子书及图库；含超声迷你图谱 | N76: 骨科康复总论 | O76: 高 | P76: https://www.springerpub.com/musculoskeletal-injuries-and-conditions-9781620700983.html | Q76: 官网发布日 2016-12-22（部分书目记 2017）
A77: 76 | B77: Springer Publishing Company | C77: Springer Publishing | D77: Physical Medicine and Rehabilitation Board Review | F77: 物理医学与康复专科考试复习（第5版） | G77: 5th | H77: 2025 | I77: Sara J. Cuccurullo, Leslie Bagay (eds) | J77: 9780826137081 | K77: 9780826137098 | L77: 有 | N77: 其他 | O77: 中 | P77: https://www.springerpub.com/physical-medicine-and-rehabilitation-board-review-9780826137081.html | Q77: PM&R 综合，含肌骨/运动医学/脊柱章节；约 1150 页
A78: 77 | B78: Springer Publishing Company | C78: Springer Publishing | D78: Sports Medicine | E78: Study Guide and Review for Boards | F78: 运动医学：专科考试学习指南与复习（第3版） | G78: 3rd | H78: 2022 | I78: Mark A. Harrast, Jonathan T. Finnoff (eds) | J78: 9780826182388 | K78: 9780826182395 | L78: 有 | M78: 购书含数字访问；260+ 练习题 | N78: 运动康复 | O78: 中 | P78: https://www.springerpub.com/sports-medicine-9780826182388.html | Q78: 非手术运动医学；出版年据检索摘要，建议核对
A79: 78 | B79: Springer Publishing Company | C79: Springer Publishing | D79: Handbook of Physical Medicine and Rehabilitation | F79: 物理医学与康复手册 | G79: 1st | H79: 2022 | I79: Marlís González-Fernández, Stephen Schaaf (eds) | J79: 9780826162250 | K79: 9780826162267 | L79: 有 | N79: 其他 | O79: 中 | P79: https://www.springerpub.com/handbook-of-physical-medicine-and-rehabilitation-9780826162250.html | Q79: Springer Publishing 首版（部分记录 2021）；含肌骨处理与医嘱模板
A80: 79 | B80: Springer Publishing Company | C80: Springer Publishing | D80: Physical Medicine and Rehabilitation Pocketpedia | F80: 物理医学与康复口袋百科（第4版） | G80: 4th | H80: 2023 | I80: Leslie Rydberg, Sarah Hwang (eds) | J80: 9780826156273 | K80: 9780826156280 | L80: 有 | M80: 购书含移动端电子书 | N80: 其他 | O80: 低 | P80: https://www.springerpub.com/physical-medicine-and-rehabilitation-pocketpedia-9780826156273.html | Q80: 官网发布日 2023-01-09；含肌骨/运动医学章节
A81: 80 | B81: Taylor & Francis | C81: Routledge | D81: Rehabilitation Techniques for Sports Medicine and Athletic Training | F81: 运动医学与运动防护康复技术（第8版） | G81: 8th | H81: 2027 | I81: William E. Prentice, Linda Stark Bobo, Amanda Benson | J81: 9781032995229 | L81: 有 | M81: 教师资源（Instructor Resources） | N81: 运动康复 | O81: 高 | P81: https://www.routledge.com/Rehabilitation-Techniques-for-Sports-Medicine-and-Athletic-Training/Prentice-Bobo-Benson/p/book/9781032995229 | Q81: 官网标注 Copyright 2027，可能尚未出版；第7版原由 SLACK 出版（2020），SLACK 已并入 Taylor & Francis
A82: 81 | B82: Taylor & Francis | C82: Routledge | D82: Physical Rehabilitation for Musculoskeletal Conditions | F82: 肌肉骨骼疾病的物理康复 | G82: 1st | H82: 2026 | I82: Eric Chaconas, Matthew Daugherty (eds) | J82: 9781630918101 | L82: 有 | M82: 教师资源（Instructor Resources） | N82: 骨科康复总论 | O82: 高 | P82: https://www.routledge.com/Physical-Rehabilitation-for-Musculoskeletal-Conditions/Chaconas-Daugherty/p/book/9781630918101 | Q82: 官网 Copyright 2026，355 页；原 SLACK 书目
A83: 82 | B83: Taylor & Francis | C83: Routledge | D83: Orthotic Design and Fabrication for the Upper Extremity | E83: A Practical Guide | F83: 上肢矫形器设计与制作实用指南（第2版） | G83: 2nd | H83: 2026 | I83: Katherine Schofield, Deborah Schwartz | J83: 9781041069515 | L83: 有 | M83: 配套教学视频、样板图纸、复习题 | N83: 手与上肢 | O83: 高 | P83: https://www.routledge.com/Orthotic-Design-and-Fabrication-for-the-Upper-Extremity-A-Practical-Guide/Schofield-Schwartz/p/book/9781041069515 | Q83: 手治疗支具；官网 Copyright 2026
A84: 83 | B84: Taylor & Francis | C84: Routledge | D84: Routledge Handbook of Sports and Exercise Therapy | F84: Routledge 运动与运动治疗手册 | G84: 2nd | H84: 2024 | I84: Keith Ward (ed) | J84: 9780367714598 | L84: 有 | N84: 运动康复 | O84: 高 | P84: https://www.routledge.com/Routledge-Handbook-of-Sports-and-Exercise-Therapy/Ward/p/book/9780367714598 | Q84: 前版书名为 Routledge Handbook of Sports Therapy, Injury Assessment and Rehabilitation（2016）；官网 2024-06-13，1268 页，精装定价高
A85: 84 | B85: Taylor & Francis | C85: Routledge | D85: Sports Injuries | E85: Prevention, Treatment and Rehabilitation | F85: 运动损伤：预防、治疗与康复（第5版） | G85: 5th | H85: 2024 | I85: Lars Peterson, Per A.F.H. Renström, Scott Lynch | J85: 9780367522049 | L85: 有 | N85: 运动康复 | O85: 高 | P85: https://www.routledge.com/Sports-Injuries-Prevention-Treatment-and-Rehabilitation/Peterson-Renstrom-Lynch/p/book/9780367522049 | Q85: 2024-01-25 出版；9780367522032 可能为另一装帧（精装），未核实
A86: 85 | B86: Taylor & Francis | C86: Routledge | D86: Makofsky's Spinal Manual Therapy | E86: An Introduction to Soft Tissue Mobilization, Spinal Manipulation, Therapeutic and Home Exercises | F86: Makofsky 脊柱手法治疗：软组织松动、脊柱推拿、治疗性运动与家庭训练入门（第3版） | G86: 3rd | H86: 2024 | I86: Mark Gugliotti, Howard W. Makofsky | J86: 9781638220121 | L86: 有 | N86: 手法治疗 | O86: 高 | P86: https://www.routledge.com/Makofskys-Spinal-Manual-Therapy-An-Introduction-to-Soft-Tissue-Mobilization-Spinal-Manipulation-Therapeutic-and-Home-Exercises/Gugliotti-Makofsky/p/book/9781638220121 | Q86: 2024-07-31，348 页；同属脊柱康复
A87: 86 | B87: Taylor & Francis | C87: Routledge | D87: Back Rehabilitation | E87: Core Stability Re-examined | F87: 腰背康复：核心稳定性再审视 | H87: 2023 | I87: Christopher Norris | J87: 9781032432144 | K87: 9781003366188 | L87: 有 | N87: 脊柱 | O87: 高 | P87: https://www.routledge.com/search?kw=9781032432144 | Q87: 2023-07-11；版次记录不一致（大英图书馆记第1版，部分记录为第3版），9781032432151 可能为精装
A88: 87 | B88: Taylor & Francis | C88: Routledge | D88: Sports Injury Prevention and Rehabilitation | E88: Integrating Medicine and Science for Performance Solutions | F88: 运动损伤预防与康复：整合医学与科学的运动表现解决方案 | G88: 1st | H88: 2016 | I88: David Joyce, Daniel Lewindon (eds) | J88: 9780415815062 | L88: 有 | N88: 运动康复 | O88: 高 | P88: https://www.routledge.com/Sports-Injury-Prevention-and-Rehabilitation-Integrating-Medicine-and-Science-for-Performance-Solutions/Joyce-Lewindon/p/book/9780415815062 | Q88: 涵盖末期康复、重返运动表现测试与训练；isbn_print 为官网 URL 主 ISBN
A89: 88 | B89: Taylor & Francis | C89: Routledge | D89: Sports Rehabilitation and Training | E89: Multidisciplinary Perspectives | F89: 运动康复与训练：多学科视角 | G89: 1st | H89: 2026 | I89: Richard Moss, Adam Gledhill | J89: 9781032184951 | L89: 未知 | N89: 运动康复 | O89: 中 | P89: https://www.routledge.com/Sports-Rehabilitation-and-Training-Multidisciplinary-Perspectives/Moss-Gledhill/p/book/9781032184951 | Q89: 官网列出版日 2026-04-26，308 页
A90: 89 | B90: Taylor & Francis | C90: Routledge | D90: The Psychology of Sport Injury and Rehabilitation | F90: 运动损伤与康复心理学（第2版） | G90: 2nd | H90: 2024 | I90: Monna Arvinen-Barrow, Damien Clement (eds) | J90: 9781032282039 | L90: 有 | M90: 教师资源（Instructor Resources） | N90: 运动康复 | O90: 中 | P90: https://www.routledge.com/The-Psychology-of-Sport-Injury-and-Rehabilitation/Arvinen-Barrow-Clement/p/book/9781032282039 | Q90: 侧重心理层面，适合重返运动心理准备
A91: 90 | B91: Taylor & Francis | C91: CRC Press | D91: Clinical Examination of the Hand | E91: An Evidence-Based Approach | F91: 手部临床检查：循证方法 | G91: 1st | H91: 2022 | I91: J. Terrence Jose Jerome (ed) | J91: 9780367647162 | L91: 有 | M91: 内嵌视频（临床检查演示） | N91: 手与上肢 | O91: 中 | P91: https://www.routledge.com/Clinical-Examination-of-the-Hand-An-Evidence-Based-Approach/Jerome/p/book/9780367647162 | Q91: 偏手外科检查，可用于手康复评估
A92: 91 | B92: Taylor & Francis | C92: Routledge | D92: The Sports Rehabilitation Therapists' Guidebook | E92: Accessing Evidence-Based Practice | F92: 运动康复治疗师指南：循证实践入门 | G92: 1st | H92: 2021 | I92: Konstantinos Papadopoulos, Mark Richardson (eds) | J92: 9780367773908 | L92: 有 | N92: 运动康复 | O92: 中 | P92: https://www.routledge.com/The-Sports-Rehabilitation-Therapists-Guidebook-Accessing-Evidence-Based-Practice/Papadopoulos-Richardson/p/book/9780367773908 | Q92: 190 页，入门级
A93: 92 | B93: Taylor & Francis | C93: CRC Press | D93: Shoulder Instability in the Athlete | E93: Management and Surgical Techniques for Optimized Return to Play | F93: 运动员肩关节不稳：优化重返运动的处理与手术技术 | G93: 1st | H93: 2020 | I93: Jonathan Dickens, Brett Owens | J93: 9781630916640 | L93: 有 | N93: 肩肘 | O93: 中 | P93: https://www.routledge.com/Shoulder-Instability-in-the-Athlete-Management-and-Surgical-Techniques-for-Optimized-Return-to-Play/Dickens-Owens/p/book/9781630916640 | Q93: 偏外科，但含重返运动内容；2020-12-08
A94: 93 | B94: Thieme | C94: Georg Thieme Verlag (Stuttgart) | D94: Palpation Techniques | E94: Surface Anatomy for Physical Therapists | F94: 触诊技术：物理治疗师体表解剖 | G94: 3rd | H94: 2021 | I94: Bernhard Reichert; Ulrike Stelzenmüller; Omer Matthijs | J94: 9783132429871 | K94: 9783132582705 | L94: 有 | M94: 附赠 MedOne 电子版访问 | N94: 评估 | O94: 高 | P94: https://shop.thieme.in/product/palpation-techniques-9783132429871 | Q94: 官网仅列作者姓氏，名为常见署名，选书前可复核
A95: 94 | B95: Thieme | C95: Georg Thieme Verlag (Stuttgart) | D95: Manual Trigger Point Therapy | E95: Recognizing, Understanding and Treating Myofascial Pain and Dysfunction | F95: 手法触发点治疗：肌筋膜疼痛与功能障碍的识别、理解与治疗 | G95: 1st | H95: 2019 | I95: Roland Gautschi | J95: 9783132202917 | K95: 9783132581951 | L95: 有 | M95: 附赠 MedOne 电子版访问；YouTube 预览视频 | N95: 手法治疗 | O95: 高 | P95: https://shop.thieme.in/product/manual-trigger-point-therapy-9783132202917 | Q95: 712页，1178幅插图
A96: 95 | B96: Thieme | C96: Georg Thieme Verlag (Stuttgart) | D96: Clinical Tests for the Musculoskeletal System | E96: Examinations – Signs – Phenomena | F96: 肌肉骨骼系统临床检查：检查·体征·现象 | G96: 3rd | H96: 2016 | I96: Klaus Buckup; Johannes Buckup | J96: 9783131367938 | K96: 9783132579743 | L96: 有 | M96: MedOne（机构） | N96: 评估 | O96: 高 | P96: https://shop.thieme.in/product/clinical-tests-for-the-musculoskeletal-system-9783131367938 | Q96: 400页，614幅插图
A97: 96 | B97: Thieme | C97: Georg Thieme Verlag (Stuttgart) | D97: Physical Therapy for Intervertebral Disk Disease | E97: A Practical Guide to Diagnosis and Treatment | F97: 椎间盘疾病的物理治疗：诊断与治疗实用指南 | G97: 1st | H97: 2016 | I97: Doris Brötz; Michael Weller | J97: 9783131997616 | K97: 9783132581692 | L97: 有 | N97: 脊柱 | O97: 高 | P97: https://shop.thieme.in/product/physical-therapy-for-intervertebral-disk-disease-9783131997616
A98: 97 | B98: Thieme | C98: Georg Thieme Verlag (Stuttgart) | D98: Tests and Exercises for the Spine | F98: 脊柱检查与训练 | G98: 1st | H98: 2015 | I98: Peter Fischer | J98: 9783131760012 | K98: 9783132580657 | L98: 有 | M98: 可下载 PDF 脊柱评估表 | N98: 脊柱 | O98: 高 | P98: https://shop.thieme.com/en/Tests-and-Exercises-for-the-Spine/9783131760012 | Q98: 近300幅彩色照片
A99: 98 | B99: Thieme | C99: Georg Thieme Verlag (Stuttgart) | D99: Orthopedic Manual Therapy | E99: Assessment and Management | F99: 骨科手法治疗：评估与处理 | G99: 1st | H99: 2014 | I99: Jochen Schomacher | J99: 9783131714510 | K99: 9783132580404 | L99: 有 | M99: Thieme MediaCenter 20 段教学视频 | N99: 手法治疗 | O99: 高 | P99: https://shop.thieme.com/en/Orthopedic-Manual-Therapy/9783131714510 | Q99: 500余幅分步彩色照片
A100: 99 | B100: Thieme | C100: Georg Thieme Verlag (Stuttgart) | D100: Muscle Injuries in Sports | F100: 运动中的肌肉损伤 | G100: 1st | H100: 2013 | I100: Hans-Wilhelm Müller-Wohlfahrt; Peter Ueblacker; Lutz Hänsel; William E. Garrett Jr. | J100: 9783131624710 | K100: 9783132580190 | L100: 有 | N100: 运动康复 | O100: 高 | P100: https://shop.thieme.in/product/muscle-injuries-in-sports-9783131624710 | Q100: 2013年出版，仍在售
...

Sheet 中文出版社
A1: 序号 | B1: 出版社 | C1: 书名 | D1: 版次 | E1: 出版年 | F1: 主编/著者 | G1: 译者 | H1: 原创/译著 | I1: 原书名 | J1: 原版出版社 | K1: ISBN | L1: 主题分类 | M1: 相关度 | N1: 电子版 | O1: 链接
A2: 1 | B2: 上海交通大学出版社 | C2: 骨科疾病处理与康复治疗 | E2: 2023 | F2: 孟虎 等主编 | H2: 原创 | K2: 978-7-313-24053-8 | L2: 骨科康复总论 | M2: 中 | N2: 未知 | O2: https://wyutsg.wuyiu.edu.cn/mspace/searchDetailLocal/m82e8999ce9a845eaf40f14ad495ee365
A3: 2 | B3: 中国协和医科大学出版社 | C3: 肌骨复健实践指南：运动损伤与慢性疼痛 | E3: 2025 | F3: 金小斌 主编 | H3: 原创 | K3: 978-7-5679-2465-9 | L3: 运动康复 | M3: 高 | N3: 未知 | O3: https://lib.zy91.com/opac/book/40536
A4: 3 | B4: 中国协和医科大学出版社 | C4: 中国康复医学报告（2022） | E4: 2024 | F4: 王辰 主编 | H4: 原创 | K4: 978-7-5679-2370-6 | L4: 其他 | M4: 低 | N4: 未知 | O4: https://lib.zy91.com/opac/book/38463
A5: 4 | B5: 人民体育出版社 | C5: 体育中的运动治疗与康复 | E5: 2022 | F5: 王博源 著 | H5: 原创 | K5: 978-7-5009-6204-5 | L5: 运动康复 | M5: 中 | N5: 未知 | O5: https://libsys.dlnu.edu.cn/mspace/searchDetailLocal/md0e80afb9fd6132d29398db1f660b8e5
A6: 5 | B6: 人民体育出版社 | C6: 运动康复消疼痛：不开刀 不用药 | E6: 2018 | F6: 矫玮，钱菁华 | H6: 原创 | L6: 运动康复 | M6: 中 | N6: 未知 | O6: https://www.bsu.edu.cn/btrw/9795f755168147789a92caa846f43198.htm
A7: 6 | B7: 人民体育出版社 | C7: 运动康复生物力学 | D7: 第2版 | E7: 2015 | F7: 钱竞光，宋雅伟 主编 | H7: 原创 | L7: 运动康复 | M7: 中 | N7: 未知 | O7: https://book.douban.com/subject/30970420/
A8: 7 | B8: 人民军医出版社 | C8: 骨科物理康复治疗学 | D8: 第4版 | E8: 2017 | F8: (美) Robert A. Donatelli, Michael J. Wooden 原著 | G8: 周谋望, 刘楠, 杨延砚 主译 | H8: 译著 | I8: Orthopaedic Physical Therapy (4th ed.) | J8: Elsevier (Churchill Livingstone) | K8: 978-7-5091-9071-5 | L8: 骨科康复总论 | M8: 高 | N8: 未知 | O8: https://baike.baidu.com/item/%E9%AA%A8%E7%A7%91%E7%89%A9%E7%90%86%E5%BA%B7%E5%A4%8D%E6%B2%BB%E7%96%97%E5%AD%A6%E7%AC%AC4%E7%89%88/22168212
A9: 8 | B9: 人民军医出版社 | C9: 骨科术后康复指南 | E9: 2015 | F9: 张晓阳 主编 | H9: 原创 | K9: 978-7-5091-7834-8 | L9: 骨科康复总论 | M9: 高 | N9: 未知 | O9: https://lib.zy91.com/opac/book/29400
A10: 9 | B10: 人民军医出版社 | C10: 实用腰椎间盘突出症康复指南 | E10: 2012 | F10: 黄国付 主编 | H10: 原创 | K10: 978-7-5091-5879-1 | L10: 脊柱 | M10: 中 | N10: 未知 | O10: https://lib.zy91.com/opac/book/26788
A11: 10 | B11: 人民军医出版社 | C11: 常见骨伤康复运动与评定 | E11: 2011 | F11: 李小六 主编 | H11: 原创 | K11: 978-7-5091-4792-4 | L11: 评定 | M11: 中 | N11: 未知 | O11: https://lib.zy91.com/opac/book/26206
A12: 11 | B12: 人民军医出版社 | C12: 康复医学前沿 | E12: 2014 | F12: 燕铁斌 主编 | H12: 原创 | K12: 978-7-5091-7251-3 | L12: 其他 | M12: 低 | N12: 未知 | O12: https://lib.zy91.com/opac/book/30423
A13: 12 | B13: 人民邮电出版社 | C13: 运动损伤管理：提升运动表现的损伤预防评估与康复指导 | E13: 2026 | F13: [澳]David Joyce（戴维·乔伊斯），[英]Daniel Lewindon（丹尼尔·莱文德） | H13: 译著 | I13: Sports Injury Prevention and Rehabilitation | J13: Routledge | K13: 978-7-115-54330-1 | L13: 运动康复 | M13: 高 | N13: 未知 | O13: https://www.ptpress.com.cn/shopping/buy?bookId=31528664-bd57-49c7-8391-5de3f931cda2
A14: 13 | B14: 人民邮电出版社 | C14: 基于运动解剖学的功能评估指南：上肢篇 | E14: 2026 | F14: [日]林典雄 | H14: 译著 | K14: 978-7-115-66177-7 | L14: 手与上肢 | M14: 高 | N14: 未知 | O14: http://ptpress.com.cn:8989/book/166177
A15: 14 | B15: 人民邮电出版社 | C15: 肩部康复训练：损伤预防、评估与恢复 | E15: 2025 | H15: 译著（待核） | K15: 978-7-115-61153-6 | L15: 肩肘 | M15: 高 | N15: 未知 | O15: https://opac.bsu.edu.cn/mspace/searchDetailLocal/m2e52c551d693cbe9cd680d0212af8a07
A16: 15 | B16: 人民邮电出版社 | C16: 五十肩功能障碍评估与运动疗法：缓解疼痛 改善挛缩 提升关节功能 | E16: 2025 | F16: [日]赤羽根良和 | H16: 译著 | K16: 978-7-115-66161-6 | L16: 肩肘 | M16: 高 | N16: 未知 | O16: https://www.ptpress.com.cn/shopping/buy?bookId=caa149b2-848c-49c6-af0b-442d0e7af98d
A17: 16 | B17: 人民邮电出版社 | C17: 运动康复训练动作全书：全面提升关节活动度、柔韧性与力量 | E17: 2024 | F17: [英]Elizabeth Bryan（伊丽莎白·布赖恩） | G17: 席蕊 译 | H17: 译著 | I17: The Comprehensive Manual of Therapeutic Exercises: Orthopedic and General Conditions | J17: Slack | K17: 978-7-115-60638-9 | L17: 运动康复 | M17: 高 | N17: 未知 | O17: https://space.nankai.edu.cn/mspace/searchDetailLocal/medd6d915f2983c8d627994cdf78c7f67
A18: 17 | B18: 人民邮电出版社 | C18: 跨越鸿沟：从运动损伤康复到运动表现提升 | E18: 2023 | F18: [美]Sue Falsone（休·法尔索内） | G18: 闫琪，赵鹏 译 | H18: 译著 | I18: Bridging the Gap from Rehab to Performance | J18: On Target Publications | K18: 978-7-115-62828-2 | L18: 运动康复 | M18: 高 | N18: 未知 | O18: https://jglib.gdqy.edu.cn/mspace/searchDetailLocal/md24a27e791fa7cb950776f496e908bca
A19: 18 | B19: 人民邮电出版社 | C19: 运动损伤的评估与康复训练全书（全彩图解版） | E19: 2023 | F19: [英]Maureen Raffensperger（莫琳·拉芬斯珀格） | H19: 译著 | L19: 运动康复 | M19: 高 | N19: 未知 | O19: http://jx.tsxcfw.com/xuekebooks.asp?daima=100216&Page=9
A20: 19 | B20: 人民邮电出版社 | C20: 基于动作分析的专项损伤预防、评估与康复训练 | E20: 2022 | F20: [日]陶山哲夫 主编；[日]赤坂清和 编 | G20: 牟海晶 译 | H20: 译著 | K20: 978-7-115-58191-4 | L20: 运动康复 | M20: 高 | N20: 未知 | O20: https://spacelib.huznu.edu.cn/mspace/searchDetailLocal/m45aa2c165cbbf3130d1a6e310656d50c
A21: 20 | B21: 人民邮电出版社 | C21: 骶髂关节与梨状肌运动功能障碍评估与纠正指南 | E21: 2025 | F21: [英]Paula Clayton（保拉·克莱顿） | H21: 译著 | K21: 978-7-115-58172-3 | L21: 脊柱 | M21: 中 | N21: 未知 | O21: https://www.ptpress.com.cn/shopping/buy?bookId=ae437842-c0f0-4442-9c76-ad5ac8cd076e
A22: 21 | B22: 人民邮电出版社 | C22: 体育运动中的深层组织按摩技术 | E22: 2019 | F22: [英]Jane Johnson（简·约翰逊） | G22: 陈俊飞 译 | H22: 译著 | I22: Deep Tissue Massage | J22: Human Kinetics | K22: 978-7-115-49623-2 | L22: 手法治疗 | M22: 中 | N22: 未知 | O22: https://search-lib.dufe.edu.cn/mspace/searchDetailLocal/me98ad91ac1ecbd4158fedd870553cd24
A23: 22 | B23: 人民邮电出版社 | C23: 人人都能看得懂的运动康复指南（全彩图解版） | E23: 2017 | F23: [西]José Manuel Sanz Mengíbar（何塞·曼努埃尔·桑斯·门希瓦尔） | G23: 董艳艳 译 | H23: 译著 | K23: 978-7-115-45001-2 | L23: 运动康复 | M23: 中 | N23: 未知 | O23: https://jglib.gdqy.edu.cn/mspace/searchDetailLocal/m6aa7e7288b4b26fbfb6e2234d54d7f58
A24: 23 | B24: 人民邮电出版社 | C24: 运动损伤的预防、治疗与恢复 | E24: 2017 | F24: [美]Robert S. Gotlin（罗伯特·S. 高特林）编著 | G24: 高旦潇 译 | H24: 译著 | I24: Sports Injuries Guidebook | J24: Human Kinetics | K24: 978-7-115-45068-5 | L24: 运动康复 | M24: 中 | N24: 未知 | O24: http://60.173.147.75:8081/ILASOPAC/NTRdrBookRetr.do?SearchType=text&SearchKey=7-&LeftSubjectType=subject&LeftSubjectKey=%E8%BF%90%E5%8A%A8%E6%80%A7%E7%96%BE%E7%97%85&leftPublishType=publish&leftPublishKey=%E4%BA%BA%E6%B0%91%E9%82%AE%E7%94%B5%E5%87%BA%E7%89%88%E7%A4%BE
A25: 24 | B25: 人民邮电出版社 | C25: 运动损伤解剖学：康复训练 | E25: 2017 | F25: [英]Leigh Brandon（利·布兰登） | G25: 王震宇，司佳卉 译 | H25: 译著 | I25: Anatomy of Sports Injuries | K25: 978-7-115-46080-6 | L25: 运动康复 | M25: 中 | N25: 未知 | O25: https://www.amazon.com/dp/B074NZKWV9
A26: 25 | B26: 人民邮电出版社 | C26: 羽毛球运动损伤的预防与康复训练（运动损伤预防、评估与康复指导丛书） | E26: 2024 | H26: 原创（待核） | K26: 978-7-115-60290-9 | L26: 运动康复 | M26: 低 | N26: 未知 | O26: https://libnlis.ldu.edu.cn/mspace/searchDetailLocal/m8ead435d59b99eb4ecea61dc425264cf
A27: 26 | B27: 人民邮电出版社 | C27: 精准拉伸：疼痛消除和损伤预防的针对性练习 | E27: 2016 | F27: [美]克里斯蒂安·博格 | G27: 王雄，杨斌 译 | H27: 译著 | L27: 其他 | M27: 低 | N27: 未知 | O27: https://book.douban.com/subject/26818259/
A28: 27 | B28: 化学工业出版社 | C28: 骨科常用护理与康复技术 | E28: 2023 | F28: 张玉梅, 唐永利, 陈小华 主编 | H28: 原创 | K28: 978-7-122-43362-6 | L28: 骨科康复总论 | M28: 中 | N28: 未知 | O28: https://lib.zy91.com/opac/book/38442
A29: 28 | B29: 化学工业出版社 | C29: 体育保健与运动康复技术 | E29: 2016 | F29: 牛映雪, 鹿国晖, 刘杨 主编 | H29: 原创 | K29: 978-7-122-26208-0 | L29: 运动康复 | M29: 低 | N29: 未知 | O29: https://opac.bsu.edu.cn/mspace/searchDetailLocal/m3c468b5ceba00c5a3c5c79665f679148
A30: 29 | B30: 北京体育大学出版社 | C30: 运动康复评定学（高等教育运动医学&运动康复精品教材） | E30: 2021 | F30: 钱菁华 主编 | H30: 原创 | K30: 978-7-5644-3244-7 | L30: 评定 | M30: 高 | N30: 未知 | O30: https://libnlis.ldu.edu.cn/mspace/searchDetailLocal/m5608883e872e141530e392ebc429365a
A31: 30 | B31: 北京体育大学出版社 | C31: 运动康复技术 | E31: 2016 | F31: 《运动康复技术》编写组 编；王安利 主编，钱菁华 副主编 | H31: 原创 | K31: 978-7-5644-2111-3 | L31: 运动康复 | M31: 高 | N31: 未知 | O31: https://libopac.lnpu.edu.cn/mspace/searchDetailLocal/m3bfba6c0f24b31a9a63b57ad6bb22c4b
A32: 31 | B32: 北京体育大学出版社 | C32: 运动康复治疗 | E32: 2016 | F32: 钱菁华 主编 | H32: 原创 | K32: 978-7-5644-2489-3 | L32: 运动康复 | M32: 高 | N32: 未知 | O32: https://opac.bsu.edu.cn/mspace/searchDetailLocal/m5ef9c8e34037c65e4343f64e3b596a5a
A33: 32 | B33: 北京体育大学出版社 | C33: 运动损伤的治疗与康复 | D33: 第2版 | E33: 2016 | F33: 黄涛 主编 | H33: 原创 | K33: 978-7-5644-0421-5 | L33: 运动康复 | M33: 高 | N33: 未知 | O33: https://opac.bsu.edu.cn/mspace/searchDetailLocal/ma21df6b813762c1d08fc72050827037c
A34: 33 | B34: 北京体育大学出版社 | C34: 临床康复学（运动康复专业用教材） | E34: 2017 | F34: 刘华，荣湘江，周华 编 | H34: 原创 | L34: 骨科康复总论 | M34: 中 | N34: 未知 | O34: https://book.douban.com/subject/27048042/
A35: 34 | B35: 北京体育大学出版社 | C35: 运动康复中的有效功能训练 | E35: 2011 | F35: [美]Todd Ellenbecker（托德·艾伦贝克），Mark De Carlo（马克·德卡），Carl DeRosa（卡尔·德罗莎） | G35: 王安利 等译 | H35: 译著 | I35: Effective Functional Progressions in Sport Rehabilitation | J35: Human Kinetics | L35: 运动康复 | M35: 中 | N35: 未知 | O35: https://book.douban.com/subject/7059002/
A36: 35 | B36: 北京大学医学出版社 | C36: 运动医学与运动防护的康复技术 | D36: 第7版 | E36: 2025 | F36: (美) William E. Prentice 原著（原著者推定） | G36: 倪国新 主译 | H36: 译著 | I36: Rehabilitation Techniques for Sports Medicine and Athletic Training (7th ed.) | J36: SLACK | K36: 978-7-5659-3244-1 | L36: 运动康复 | M36: 高 | N36: 未知 | O36: https://bynews.bjmu.edu.cn/zhxw/2025/5d51527066944dbca2390f5c748fc0d6.htm
A37: 36 | B37: 北京大学医学出版社 | C37: 髋膝关节手术及康复500问 | E37: 2024 | F37: 柳剑, 黄野, 王现海 主编 | H37: 原创 | K37: 978-7-5659-2642-6 | L37: 关节置换 | M37: 高 | N37: 未知 | O37: https://lib.zy91.com/opac/book/38464
A38: 37 | B38: 北京大学医学出版社 | C38: 康复医学临床手册 | E38: 2019 | F38: (美) Kimberly A. Sackheim 原著 | G38: 周谋望 主译 | H38: 译著 | I38: Rehab Clinical Pocket Guide: Rehabilitation Medicine | J38: Springer | K38: 978-7-5659-1912-1 | L38: 骨科康复总论 | M38: 中 | N38: 未知 | O38: https://baike.baidu.com/item/%E5%BA%B7%E5%A4%8D%E5%8C%BB%E5%AD%A6%E4%B8%B4%E5%BA%8A%E6%89%8B%E5%86%8C/59743126
A39: 38 | B39: 北京大学医学出版社 | C39: 常见运动创伤的护理和康复 | E39: 2006 | F39: 于长隆 主编 | H39: 原创 | K39: 7-81071-935-1 | L39: 运动康复 | M39: 中 | N39: 未知 | O39: https://lib.zy91.com/opac/book/19046
A40: 39 | B40: 北京科学技术出版社 | C40: 治疗性运动：基础与技术 | D40: 第7版 | E40: 2022 | F40: (美) Carolyn Kisner, Lynn Allen Colby, John Borstad 著 | H40: 译著 | I40: Therapeutic Exercise: Foundations and Techniques (7th ed.) | J40: F.A. Davis | K40: 978-7-5714-2248-6 | L40: 运动康复 | M40: 高 | N40: 未知 | O40: https://m.douban.com/book/subject/36278290/
A41: 40 | B41: 北京科学技术出版社 | C41: AAOS骨科术后康复 | E41: 2021 | F41: (美) Andrew Green, Roman Hayda, Andrew C. Hecht 主编 | H41: 译著 | I41: Postoperative Orthopaedic Rehabilitation (AAOS) | J41: Wolters Kluwer / AAOS | K41: 978-7-5714-0693-6 | L41: 骨科康复总论 | M41: 高 | N41: 未知 | O41: https://lib.zy91.com/opac/book/38042
A42: 41 | B42: 北京科学技术出版社 | C42: 肩关节复合体：评估、治疗与康复 | E42: 2021 | F42: (英) John Gibbons 著 | G42: 朱毅, 张詠霓, 李长江 主译 | H42: 译著 | I42: The Vital Shoulder Complex | J42: Lotus Publishing | K42: 978-7-5714-1223-4 | L42: 肩肘 | M42: 高 | N42: 未知 | O42: https://lib.tjh.com.cn/mspace/searchDetailLocal/m72dfcbf064fceb1e282dfc94989e41c5
A43: 42 | B43: 北京科学技术出版社 | C43: 肌肉测试与功能：姿势与疼痛 | E43: 2019 | F43: (美) Florence P. Kendall 等著 | H43: 译著 | I43: Muscles: Testing and Function with Posture and Pain (5th ed.) | J43: Lippincott Williams & Wilkins | K43: 978-7-5714-0035-4 | L43: 评定 | M43: 高 | N43: 未知 | O43: https://lib.zy91.com/opac/book/34454
A44: 43 | B44: 北京科学技术出版社 | C44: 骨科疾病评估与手法治疗 | E44: 2019 | F44: (美) Thomas Hendrickson 著 | H44: 译著 | I44: Massage and Manual Therapy for Orthopedic Conditions（推定） | J44: Lippincott Williams & Wilkins（推定） | K44: 978-7-5714-0113-9 | L44: 手法治疗 | M44: 高 | N44: 未知 | O44: https://lib.zy91.com/opac/book/34456
A45: 44 | B45: 北京科学技术出版社 | C45: 老年骨科学：脆性骨折患者管理 | E45: 2024 | F45: (意) Paolo Falaschi, (英) David Marsh 主编 | H45: 译著 | I45: Orthogeriatrics: The Management of Older Patients with Fragility Fractures | J45: Springer | K45: 978-7-5714-3595-0 | L45: 骨科康复总论 | M45: 中 | N45: 未知 | O45: https://lib.zy91.com/opac/book/39185
A46: 45 | B46: 北京科学技术出版社 | C46: 骨盆和骶髂关节功能解剖：手法操作指南 | E46: 2018 | F46: (英) John Gibbons 著 | H46: 译著 | I46: Functional Anatomy of the Pelvis and the Sacroiliac Joint: A Practical Guide | J46: Lotus Publishing | K46: 978-7-5304-9783-8 | L46: 手法治疗 | M46: 中 | N46: 未知 | O46: https://lib.zy91.com/opac/book/34321
A47: 46 | B47: 北京科学技术出版社 | C47: 老年康复学 | E47: 2016 | F47: 桑德春, 贾子善 主编 | H47: 原创 | K47: 978-7-5304-5544-9 | L47: 其他 | M47: 低 | N47: 未知 | O47: https://lib.zy91.com/opac/book/30341
A48: 47 | B48: 华夏出版社 | C48: 运动疗法技术学 | D48: 第2版 | E48: 2011 | F48: 纪树荣 主编 | H48: 原创 | K48: 978-7-5080-6562-5 | L48: 运动康复 | M48: 中 | N48: 是（得到电子书） | O48: https://opac.bsu.edu.cn/mspace/searchDetailLocal/m15df5c7cebf4b9ba4cf1d3c6ba0d1245
A49: 48 | B49: 华夏出版社 | C49: 你运动对了吗 | E49: 2024 | F49: 马玉峰 著 | H49: 原创 | K49: 978-7-5222-0671-4 | L49: 运动康复 | M49: 低 | N49: 未知 | O49: https://lib.zy91.com/opac/book/38902
A50: 49 | B50: 厦门大学出版社 | C50: 运动康复 | E50: 2016 | F50: 陈军 | H50: 原创 | L50: 运动康复 | M50: 中 | N50: 未知 | O50: https://book.douban.com/subject/30268830/
A51: 50 | B51: 广东科技出版社 | C51: 中西医结合骨科康复理论与实践 | E51: 2023 | F51: 杨俊兴 主编 | H51: 原创 | K51: 978-7-5359-8015-1 | L51: 骨科康复总论 | M51: 高 | N51: 未知 | O51: https://tsgopac.sdxd.edu.cn:17453/mspace/searchDetailLocal/m89518776e5a397999f21248ee809301c
A52: 51 | B52: 江苏凤凰科学技术出版社 | C52: 图解运动损伤与康复训练 | E52: 2023 | F52: 吴立东，王瑞旻 主编 | H52: 原创 | K52: 978-7-5713-3348-5 | L52: 运动康复 | M52: 中 | N52: 是（掌阅、Kobo、Amazon Kindle 有电子书） | O52: https://opac.bsu.edu.cn/mspace/searchDetailLocal/me04b86c68f279542aff18721ef2f3fb5
A53: 52 | B53: 河南科学技术出版社 | C53: 骨科常见疾病康复评定与治疗手册 | E53: 2021 | F53: 容可，李小六 主编 | H53: 原创 | K53: 978-7-5725-0379-5 | L53: 骨科康复总论 | M53: 高 | N53: 未知 | O53: http://www.csmu.edu.cn:8081/ILASOPAC/NTRdrBookRetr.do?SearchType=text&SearchKey=%25E4%25B8%25BB%25E7%25BC%2596&leftAuthorType=author&leftAuthorKey=%E5%AE%B9%E5%8F%AF%EF%BC%8C%E6%9D%8E%E5%B0%8F%E5%85%AD%E4%B8%BB%E7%BC%96%EF%BC%9B
A54: 53 | B54: 河南科学技术出版社 | C54: 肌骨超声：物理与康复医学临床实践指南 | E54: 2021 | F54: [土耳其]莱文特·厄兹恰克尔，[比]马内丁·德米恩克 | G54: 张志杰，刘春龙，朱毅 主译 | H54: 译著 | K54: 978-7-5725-0390-0 | L54: 评定 | M54: 中 | N54: 未知 | O54: https://yjsjy.symc.edu.cn/info/3621/11652.htm
A55: 54 | B55: 清华大学出版社 | C55: 每日一动，告别疼痛：颈椎病科学康复指南 | E55: 2021 | F55: 罗炜樑, 李梅 著 | H55: 原创 | K55: 978-7-302-58615-9 | L55: 脊柱 | M55: 中 | N55: 未知 | O55: https://lib.zy91.com/opac/book/36545
A56: 55 | B56: 清华大学出版社 | C56: 科学跑步：跑步损伤的预防与康复指南 | E56: 2019 | F56: 罗炜樑 著 | H56: 原创 | K56: 978-7-302-52389-5 | L56: 运动康复 | M56: 中 | N56: 未知 | O56: https://opac.bsu.edu.cn/mspace/searchDetailLocal/ma33a9b4255d9836dc228d490ac2cdf1a
A57: 56 | B57: 清华大学出版社 | C57: 常见疼痛综合征 | E57: 2022 | F57: (美) Steven D. Waldman 著 | H57: 译著 | I57: Atlas of Common Pain Syndromes | J57: Elsevier | K57: 978-7-302-61504-0 | L57: 其他 | M57: 低 | N57: 未知 | O57: https://lib.zy91.com/opac/book/39013
A58: 57 | B58: 科学出版社 | C58: 骨科康复评定与治疗技术 | D58: 第5版 | E58: 2020 | F58: 燕铁斌 主编 | H58: 原创 | K58: 978-7-03-064234-9 | L58: 评定 | M58: 高 | N58: 未知 | O58: https://lib.tjh.com.cn/mspace/searchDetailLocal/m87da0ed576ae53980be71e06c5b86d12
A59: 58 | B59: 科学出版社 | C59: 运动损伤康复治疗学 | D59: 第2版 | E59: 2019 | F59: 王予彬, 王惠芳 主编 | H59: 原创 | K59: 978-7-03-062045-3 | L59: 运动康复 | M59: 高 | N59: 未知 | O59: https://opac.bsu.edu.cn/mspace/searchDetailLocal/m6a96577e8640f51ee4b1496ce15d7d84
A60: 59 | B60: 科学出版社 | C60: 骨科外固定架应用及康复 | E60: 2023 | F60: 花奇凯, 张启栋, 夏睿 主编 | H60: 原创 | K60: 978-7-03-076220-7 | L60: 骨科康复总论 | M60: 中 | N60: 未知 | O60: https://www.megbook.com.hk/mall/detail.jsp?proID=3912725
A61: 60 | B61: 科学出版社 | C61: 骨科加速康复护理实践 | E61: 2022 | F61: 宁宁, 陈佳丽, 李玲利 主编 | H61: 原创 | K61: 978-7-03-071410-7 | L61: 骨科康复总论 | M61: 中 | N61: 未知 | O61: https://lib.zy91.com/opac/book/36180
A62: 61 | B62: 科学出版社 | C62: 康复评定学 | E62: 2010 | F62: 陈立典 主编 | H62: 原创 | K62: 978-7-03-027096-2 | L62: 评定 | M62: 低 | N62: 未知 | O62: https://lib.zy91.com/opac/book/25785
A63: 62 | B63: 科学出版社 | C63: 临床疾病康复学 | E63: 2010 | F63: 陈立典, 吴毅 主编 | H63: 原创 | K63: 978-7-03-027563-9 | L63: 骨科康复总论 | M63: 低 | N63: 未知 | O63: https://lib.zy91.com/opac/book/25783
A64: 63 | B64: 科学技术文献出版社（后浪） | C64: 肌肉能量技术：精准、无痛的物理治疗方案 | E64: 2021 | F64: [英]John Gibbons（约翰·吉本斯） | G64: 王华健 译 | H64: 译著 | I64: Muscle Energy Techniques: A Practical Guide for Physical Therapists | J64: Lotus Publishing | L64: 手法治疗 | M64: 中 | N64: 未知 | O64: https://book.douban.com/subject/35676782/

Sheet 出版社统计
A1: 骨科康复相关图书：Springer 以外出版社汇总（检索日期 2026-10-08）
A2: 注1：英文部分为 Elsevier、Wolters Kluwer/LWW、Thieme、Human Kinetics、SLACK、F.A. Davis、Jaypee、McGraw Hill、Wiley、Taylor & Francis、OUP、CUP、Springer Publishing 等出版社的代表性图书，以官网或可靠书目核实，非穷尽清单。
A3: 注2：中文部分已排除前一份表中出现过的出版社（人卫、辽宁科技、中国科技、上海科技、天津科翻、世图、电子工业、湖南科技、山东科技），以高校图书馆书目、当当、豆瓣等核实。
A4: 注3：主题分类和相关度为人工判断；“电子版/在线资源”栏仅记录检索中能确认的信息，空白表示未查到。
A6: 英文：按出版社
A7: 类别 | B7: 数量
A8: Cambridge University Press | B8: =COUNTIF(英文出版社!$B$2:$B$136,A8) -> 1
A9: Elsevier | B9: =COUNTIF(英文出版社!$B$2:$B$136,A9) -> 30
A10: F.A. Davis | B10: =COUNTIF(英文出版社!$B$2:$B$136,A10) -> 7
A11: Human Kinetics | B11: =COUNTIF(英文出版社!$B$2:$B$136,A11) -> 13
A12: Jaypee Brothers Medical Publishers | B12: =COUNTIF(英文出版社!$B$2:$B$136,A12) -> 5
A13: McGraw Hill | B13: =COUNTIF(英文出版社!$B$2:$B$136,A13) -> 6
A14: Oxford University Press | B14: =COUNTIF(英文出版社!$B$2:$B$136,A14) -> 7
A15: SLACK Incorporated | B15: =COUNTIF(英文出版社!$B$2:$B$136,A15) -> 5
A16: Springer Publishing Company | B16: =COUNTIF(英文出版社!$B$2:$B$136,A16) -> 5
A17: Taylor & Francis | B17: =COUNTIF(英文出版社!$B$2:$B$136,A17) -> 13
A18: Thieme | B18: =COUNTIF(英文出版社!$B$2:$B$136,A18) -> 17
A19: Wiley | B19: =COUNTIF(英文出版社!$B$2:$B$136,A19) -> 6
A20: Wolters Kluwer | B20: =COUNTIF(英文出版社!$B$2:$B$136,A20) -> 20
A21: 合计 | B21: =SUM(B8:B20) -> 135
A23: 英文：按相关度
A24: 类别 | B24: 数量
A25: 高 | B25: =COUNTIF(英文出版社!$O$2:$O$136,A25) -> 72
A26: 中 | B26: =COUNTIF(英文出版社!$O$2:$O$136,A26) -> 53
A27: 低 | B27: =COUNTIF(英文出版社!$O$2:$O$136,A27) -> 10
A28: 合计 | B28: =SUM(B25:B27) -> 135
A30: 中文：按出版社
A31: 类别 | B31: 数量
A32: 上海交通大学出版社 | B32: =COUNTIF(中文出版社!$B$2:$B$64,A32) -> 1
A33: 中国协和医科大学出版社 | B33: =COUNTIF(中文出版社!$B$2:$B$64,A33) -> 2
A34: 人民体育出版社 | B34: =COUNTIF(中文出版社!$B$2:$B$64,A34) -> 3
A35: 人民军医出版社 | B35: =COUNTIF(中文出版社!$B$2:$B$64,A35) -> 5
A36: 人民邮电出版社 | B36: =COUNTIF(中文出版社!$B$2:$B$64,A36) -> 15
A37: 化学工业出版社 | B37: =COUNTIF(中文出版社!$B$2:$B$64,A37) -> 2
A38: 北京体育大学出版社 | B38: =COUNTIF(中文出版社!$B$2:$B$64,A38) -> 6
A39: 北京大学医学出版社 | B39: =COUNTIF(中文出版社!$B$2:$B$64,A39) -> 4
A40: 北京科学技术出版社 | B40: =COUNTIF(中文出版社!$B$2:$B$64,A40) -> 8
A41: 华夏出版社 | B41: =COUNTIF(中文出版社!$B$2:$B$64,A41) -> 2
A42: 厦门大学出版社 | B42: =COUNTIF(中文出版社!$B$2:$B$64,A42) -> 1
A43: 广东科技出版社 | B43: =COUNTIF(中文出版社!$B$2:$B$64,A43) -> 1
... A48: 科学技术文献出版社（后浪） | B48: =COUNTIF(中文出版社!$B$2:$B$64,A48) -> 1
A49: 合计 | B49: =SUM(B32:B48) -> 63
A51: 中文：原创/译著
A52: 类别 | B52: 数量
A53: 原创 | B53: =COUNTIF(中文出版社!$H$2:$H$64,A53) -> 34
A54: 译著 | B54: =COUNTIF(中文出版社!$H$2:$H$64,A54) -> 27
A55: 合计 | B55: =SUM(B53:B54) -> 61
A57: 中文：按相关度
A58: 类别 | B58: 数量
A59: 高 | B59: =COUNTIF(中文出版社!$M$2:$M$64,A59) -> 26
A60: 中 | B60: =COUNTIF(中文出版社!$M$2:$M$64,A60) -> 27
A61: 低 | B61: =COUNTIF(中文出版社!$M$2:$M$64,A61) -> 10
A62: 合计 | B62: =SUM(B59:B61) -> 63
